county,town,precinct,office,district,party,candidate,votes
Addison,Addison,NA,Secretary of State,NA,Democratic,Jim Condos,348
Orleans,Albany,NA,Secretary of State,NA,Democratic,Jim Condos,189
Grand Isle,Alburgh,NA,Secretary of State,NA,Democratic,Jim Condos,418
Windsor,Andover,NA,Secretary of State,NA,Democratic,Jim Condos,120
Bennington,Arlington,NA,Secretary of State,NA,Democratic,Jim Condos,486
Windham,Athens,NA,Secretary of State,NA,Democratic,Jim Condos,46
Franklin,Bakersfield,NA,Secretary of State,NA,Democratic,Jim Condos,254
Windsor,Baltimore,NA,Secretary of State,NA,Democratic,Jim Condos,31
Windsor,Barnard,NA,Secretary of State,NA,Democratic,Jim Condos,256
Caledonia,Barnet,NA,Secretary of State,NA,Democratic,Jim Condos,384
Washington,Barre City,NA,Secretary of State,NA,Democratic,Jim Condos,"1,405"
Washington,Barre Town,NA,Secretary of State,NA,Democratic,Jim Condos,"1,964"
Orleans,Barton,NA,Secretary of State,NA,Democratic,Jim Condos,407
Lamoille,Belvidere,NA,Secretary of State,NA,Democratic,Jim Condos,61
Bennington,Bennington,Bennington 2-1,Secretary of State,NA,Democratic,Jim Condos,"1,270"
Bennington,Bennington,Bennington 2-2,Secretary of State,NA,Democratic,Jim Condos,"1,128"
Rutland,Benson,NA,Secretary of State,NA,Democratic,Jim Condos,129
Franklin,Berkshire,NA,Secretary of State,NA,Democratic,Jim Condos,251
Washington,Berlin,NA,Secretary of State,NA,Democratic,Jim Condos,604
Windsor,Bethel,NA,Secretary of State,NA,Democratic,Jim Condos,404
Essex,Bloomfield,NA,Secretary of State,NA,Democratic,Jim Condos,26
Chittenden,Bolton,NA,Secretary of State,NA,Democratic,Jim Condos,306
Orange,Bradford,NA,Secretary of State,NA,Democratic,Jim Condos,412
Orange,Braintree,NA,Secretary of State,NA,Democratic,Jim Condos,233
Rutland,Brandon,NA,Secretary of State,NA,Democratic,Jim Condos,816
Windham,Brattleboro,Windham 2-1,Secretary of State,NA,Democratic,Jim Condos,746
Windham,Brattleboro,Windham 2-2,Secretary of State,NA,Democratic,Jim Condos,605
Windham,Brattleboro,Windham 2-3,Secretary of State,NA,Democratic,Jim Condos,712
Windsor,Bridgewater,NA,Secretary of State,NA,Democratic,Jim Condos,179
Addison,Bridport,NA,Secretary of State,NA,Democratic,Jim Condos,282
Essex,Brighton,NA,Secretary of State,NA,Democratic,Jim Condos,188
Addison,Bristol,NA,Secretary of State,NA,Democratic,Jim Condos,972
Orange,Brookfield,NA,Secretary of State,NA,Democratic,Jim Condos,313
Windham,Brookline,NA,Secretary of State,NA,Democratic,Jim Condos,113
Orleans,Brownington,NA,Secretary of State,NA,Democratic,Jim Condos,185
Essex,Brunswick,NA,Secretary of State,NA,Democratic,Jim Condos,24
Caledonia,Burke,NA,Secretary of State,NA,Democratic,Jim Condos,269
Chittenden,Burlington,Chittenden 6-1,Secretary of State,NA,Democratic,Jim Condos,"2,110"
Chittenden,Burlington,Chittenden 6-2,Secretary of State,NA,Democratic,Jim Condos,"1,089"
Chittenden,Burlington,Chittenden 6-3,Secretary of State,NA,Democratic,Jim Condos,909
Chittenden,Burlington,Chittenden 6-4,Secretary of State,NA,Democratic,Jim Condos,778
Chittenden,Burlington,Chittenden 6-5,Secretary of State,NA,Democratic,Jim Condos,"2,025"
Chittenden,Burlington,Chittenden 6-6,Secretary of State,NA,Democratic,Jim Condos,279
Chittenden,Burlington,Chittenden 6-7,Secretary of State,NA,Democratic,Jim Condos,4
Washington,Cabot,NA,Secretary of State,NA,Democratic,Jim Condos,281
Washington,Calais,NA,Secretary of State,NA,Democratic,Jim Condos,510
Lamoille,Cambridge,NA,Secretary of State,NA,Democratic,Jim Condos,781
Essex,Canaan,NA,Secretary of State,NA,Democratic,Jim Condos,110
Rutland,Castleton,NA,Secretary of State,NA,Democratic,Jim Condos,538
Windsor,Cavendish,NA,Secretary of State,NA,Democratic,Jim Condos,223
Orleans,Charleston,NA,Secretary of State,NA,Democratic,Jim Condos,153
Chittenden,Charlotte,NA,Secretary of State,NA,Democratic,Jim Condos,"1,072"
Orange,Chelsea,NA,Secretary of State,NA,Democratic,Jim Condos,276
Windsor,Chester,NA,Secretary of State,NA,Democratic,Jim Condos,540
Rutland,Chittenden,NA,Secretary of State,NA,Democratic,Jim Condos,322
Rutland,Clarendon,NA,Secretary of State,NA,Democratic,Jim Condos,417
Chittenden,Colchester,Chittenden 9-1,Secretary of State,NA,Democratic,Jim Condos,"1,436"
Chittenden,Colchester,Chittenden 9-2,Secretary of State,NA,Democratic,Jim Condos,"1,867"
Essex,Concord,NA,Secretary of State,NA,Democratic,Jim Condos,146
Orange,Corinth,NA,Secretary of State,NA,Democratic,Jim Condos,250
Addison,Cornwall,NA,Secretary of State,NA,Democratic,Jim Condos,339
Orleans,Coventry,NA,Secretary of State,NA,Democratic,Jim Condos,204
Orleans,Craftsbury,NA,Secretary of State,NA,Democratic,Jim Condos,273
Rutland,Danby,NA,Secretary of State,NA,Democratic,Jim Condos,216
Caledonia,Danville,NA,Secretary of State,NA,Democratic,Jim Condos,551
Orleans,Derby,NA,Secretary of State,NA,Democratic,Jim Condos,864
Bennington,Dorset,NA,Secretary of State,NA,Democratic,Jim Condos,499
Windham,Dover,NA,Secretary of State,NA,Democratic,Jim Condos,252
Windham,Dummerston,NA,Secretary of State,NA,Democratic,Jim Condos,475
Washington,Duxbury,NA,Secretary of State,NA,Democratic,Jim Condos,347
Essex,E. Haven,NA,Secretary of State,NA,Democratic,Jim Condos,42
Washington,E. Montpelier,NA,Secretary of State,NA,Democratic,Jim Condos,785
Lamoille,Eden,NA,Secretary of State,NA,Democratic,Jim Condos,159
Lamoille,Elmore,NA,Secretary of State,NA,Democratic,Jim Condos,240
Franklin,Enosburgh,NA,Secretary of State,NA,Democratic,Jim Condos,630
Chittenden,Essex,Chittenden 8-1,Secretary of State,NA,Democratic,Jim Condos,"1,764"
Chittenden,Essex,Chittenden 8-2,Secretary of State,NA,Democratic,Jim Condos,"2,076"
Chittenden,Essex,Chittenden 8-3,Secretary of State,NA,Democratic,Jim Condos,613
Rutland,Fair Haven,NA,Secretary of State,NA,Democratic,Jim Condos,375
Franklin,Fairfax,NA,Secretary of State,NA,Democratic,Jim Condos,927
Franklin,Fairfield,NA,Secretary of State,NA,Democratic,Jim Condos,459
Orange,Fairlee,NA,Secretary of State,NA,Democratic,Jim Condos,239
Washington,Fayston,NA,Secretary of State,NA,Democratic,Jim Condos,364
Addison,Ferrisburgh,NA,Secretary of State,NA,Democratic,Jim Condos,667
Franklin,Fletcher,NA,Secretary of State,NA,Democratic,Jim Condos,242
Franklin,Franklin,NA,Secretary of State,NA,Democratic,Jim Condos,280
Franklin,Georgia,NA,Secretary of State,NA,Democratic,Jim Condos,897
Orleans,Glover,NA,Secretary of State,NA,Democratic,Jim Condos,279
Addison,Goshen,NA,Secretary of State,NA,Democratic,Jim Condos,45
Windham,Grafton,NA,Secretary of State,NA,Democratic,Jim Condos,134
Essex,Granby,NA,Secretary of State,NA,Democratic,Jim Condos,15
Grand Isle,Grand Isle,NA,Secretary of State,NA,Democratic,Jim Condos,645
Addison,Granville,NA,Secretary of State,NA,Democratic,Jim Condos,62
Orleans,Greensboro,NA,Secretary of State,NA,Democratic,Jim Condos,204
Caledonia,Groton,NA,Secretary of State,NA,Democratic,Jim Condos,144
Essex,Guildhall,NA,Secretary of State,NA,Democratic,Jim Condos,53
Windham,Guilford,NA,Secretary of State,NA,Democratic,Jim Condos,407
Windham,Halifax,NA,Secretary of State,NA,Democratic,Jim Condos,125
Addison,Hancock,NA,Secretary of State,NA,Democratic,Jim Condos,59
Caledonia,Hardwick,NA,Secretary of State,NA,Democratic,Jim Condos,583
Windsor,Hartford,Windsor 4-1,Secretary of State,NA,Democratic,Jim Condos,420
Windsor,Hartford,Windsor 4-2,Secretary of State,NA,Democratic,Jim Condos,"1,506"
Windsor,Hartland,NA,Secretary of State,NA,Democratic,Jim Condos,707
Franklin,Highgate,NA,Secretary of State,NA,Democratic,Jim Condos,604
Chittenden,Hinesburg,Chittenden 4-1,Secretary of State,NA,Democratic,Jim Condos,7
Chittenden,Hinesburg,Chittenden 4-2,Secretary of State,NA,Democratic,Jim Condos,"1,171"
Orleans,Holland,NA,Secretary of State,NA,Democratic,Jim Condos,85
Rutland,Hubbardton,NA,Secretary of State,NA,Democratic,Jim Condos,114
Chittenden,Huntington,NA,Secretary of State,NA,Democratic,Jim Condos,595
Lamoille,Hyde Park,NA,Secretary of State,NA,Democratic,Jim Condos,776
Rutland,Ira,NA,Secretary of State,NA,Democratic,Jim Condos,83
Orleans,Irasburg,NA,Secretary of State,NA,Democratic,Jim Condos,212
Grand Isle,Isle La Motte,NA,Secretary of State,NA,Democratic,Jim Condos,136
Windham,Jamaica,NA,Secretary of State,NA,Democratic,Jim Condos,162
Orleans,Jay,NA,Secretary of State,NA,Democratic,Jim Condos,75
Chittenden,Jericho,NA,Secretary of State,NA,Democratic,Jim Condos,"1,545"
Lamoille,Johnson,NA,Secretary of State,NA,Democratic,Jim Condos,480
Rutland,Killington,NA,Secretary of State,NA,Democratic,Jim Condos,237
Caledonia,Kirby,NA,Secretary of State,NA,Democratic,Jim Condos,102
Bennington,Landgrove,NA,Secretary of State,NA,Democratic,Jim Condos,48
Addison,Leicester,NA,Secretary of State,NA,Democratic,Jim Condos,180
Essex,Lemington,NA,Secretary of State,NA,Democratic,Jim Condos,15
Addison,Lincoln,NA,Secretary of State,NA,Democratic,Jim Condos,423
Windham,Londonderry,NA,Secretary of State,NA,Democratic,Jim Condos,280
Orleans,Lowell,NA,Secretary of State,NA,Democratic,Jim Condos,140
Windsor,Ludlow,NA,Secretary of State,NA,Democratic,Jim Condos,360
Essex,Lunenburg,NA,Secretary of State,NA,Democratic,Jim Condos,156
Caledonia,Lyndon,NA,Secretary of State,NA,Democratic,Jim Condos,739
Essex,Maidstone,NA,Secretary of State,NA,Democratic,Jim Condos,33
Bennington,Manchester,NA,Secretary of State,NA,Democratic,Jim Condos,901
Windham,Marlboro,NA,Secretary of State,NA,Democratic,Jim Condos,241
Washington,Marshfield,NA,Secretary of State,NA,Democratic,Jim Condos,348
Rutland,Mendon,NA,Secretary of State,NA,Democratic,Jim Condos,257
Addison,Middlebury,NA,Secretary of State,NA,Democratic,Jim Condos,"1,621"
Washington,Middlesex,NA,Secretary of State,NA,Democratic,Jim Condos,618
Rutland,Middletown Springs,NA,Secretary of State,NA,Democratic,Jim Condos,214
Chittenden,Milton,Chittenden 10,Secretary of State,NA,Democratic,Jim Condos,"1,507"
Chittenden,Milton,Grand Isle-Chittenden,Secretary of State,NA,Democratic,Jim Condos,237
Addison,Monkton,NA,Secretary of State,NA,Democratic,Jim Condos,561
Franklin,Montgomery,NA,Secretary of State,NA,Democratic,Jim Condos,272
Washington,Montpelier,NA,Secretary of State,NA,Democratic,Jim Condos,"2,403"
Washington,Moretown,NA,Secretary of State,NA,Democratic,Jim Condos,473
Orleans,Morgan,NA,Secretary of State,NA,Democratic,Jim Condos,122
Lamoille,Morristown,NA,Secretary of State,NA,Democratic,Jim Condos,"1,130"
Rutland,Mount Holly,NA,Secretary of State,NA,Democratic,Jim Condos,281
Rutland,Mount Tabor,NA,Secretary of State,NA,Democratic,Jim Condos,30
Addison,New Haven,NA,Secretary of State,NA,Democratic,Jim Condos,497
Caledonia,Newark,NA,Secretary of State,NA,Democratic,Jim Condos,97
Orange,Newbury,NA,Secretary of State,NA,Democratic,Jim Condos,380
Windham,Newfane,NA,Secretary of State,NA,Democratic,Jim Condos,404
Orleans,Newport City,NA,Secretary of State,NA,Democratic,Jim Condos,664
Orleans,Newport Town,NA,Secretary of State,NA,Democratic,Jim Condos,265
Grand Isle,N. Hero,NA,Secretary of State,NA,Democratic,Jim Condos,280
Washington,Northfield,NA,Secretary of State,NA,Democratic,Jim Condos,905
Essex,Norton,NA,Secretary of State,NA,Democratic,Jim Condos,26
Windsor,Norwich,NA,Secretary of State,NA,Democratic,Jim Condos,"1,010"
Orange,Orange,NA,Secretary of State,NA,Democratic,Jim Condos,194
Addison,Orwell,NA,Secretary of State,NA,Democratic,Jim Condos,214
Addison,Panton,NA,Secretary of State,NA,Democratic,Jim Condos,149
Rutland,Pawlet,NA,Secretary of State,NA,Democratic,Jim Condos,294
Caledonia,Peacham,NA,Secretary of State,NA,Democratic,Jim Condos,229
Bennington,Peru,NA,Secretary of State,NA,Democratic,Jim Condos,83
Rutland,Pittsfield,NA,Secretary of State,NA,Democratic,Jim Condos,112
Rutland,Pittsford,NA,Secretary of State,NA,Democratic,Jim Condos,589
Washington,Plainfield,NA,Secretary of State,NA,Democratic,Jim Condos,290
Windsor,Plymouth,NA,Secretary of State,NA,Democratic,Jim Condos,124
Windsor,Pomfret,NA,Secretary of State,NA,Democratic,Jim Condos,297
Rutland,Poultney,NA,Secretary of State,NA,Democratic,Jim Condos,494
Bennington,Pownal,NA,Secretary of State,NA,Democratic,Jim Condos,752
Rutland,Proctor,NA,Secretary of State,NA,Democratic,Jim Condos,331
Windham,Putney,NA,Secretary of State,NA,Democratic,Jim Condos,497
Orange,Randolph,NA,Secretary of State,NA,Democratic,Jim Condos,968
Windsor,Reading,NA,Secretary of State,NA,Democratic,Jim Condos,154
Bennington,Readsboro,NA,Secretary of State,NA,Democratic,Jim Condos,130
Franklin,Richford,NA,Secretary of State,NA,Democratic,Jim Condos,317
Chittenden,Richmond,NA,Secretary of State,NA,Democratic,Jim Condos,"1,241"
Addison,Ripton,NA,Secretary of State,NA,Democratic,Jim Condos,167
Windsor,Rochester,NA,Secretary of State,NA,Democratic,Jim Condos,261
Windham,Rockingham,NA,Secretary of State,NA,Democratic,Jim Condos,789
Washington,Roxbury,NA,Secretary of State,NA,Democratic,Jim Condos,146
Windsor,Royalton,NA,Secretary of State,NA,Democratic,Jim Condos,483
Bennington,Rupert,NA,Secretary of State,NA,Democratic,Jim Condos,155
Rutland,Rutland City,Rutland 5-1,Secretary of State,NA,Democratic,Jim Condos,929
Rutland,Rutland City,Rutland 5-2,Secretary of State,NA,Democratic,Jim Condos,704
Rutland,Rutland City,Rutland 5-3,Secretary of State,NA,Democratic,Jim Condos,420
Rutland,Rutland City,Rutland 5-4,Secretary of State,NA,Democratic,Jim Condos,669
Rutland,Rutland Town,NA,Secretary of State,NA,Democratic,Jim Condos,961
Caledonia,Ryegate,NA,Secretary of State,NA,Democratic,Jim Condos,239
Franklin,Salisbury,NA,Secretary of State,NA,Democratic,Jim Condos,193
Franklin,Sandgate,NA,Secretary of State,NA,Democratic,Jim Condos,73
Chittenden,Searsburg,NA,Secretary of State,NA,Democratic,Jim Condos,13
Caledonia,Shaftsbury,NA,Secretary of State,NA,Democratic,Jim Condos,649
Addison,Sharon,NA,Secretary of State,NA,Democratic,Jim Condos,289
Bennington,Sheffield,NA,Secretary of State,NA,Democratic,Jim Condos,112
Bennington,Shelburne,Chittenden 5-1,Secretary of State,NA,Democratic,Jim Condos,"1,226"
Bennington,Shelburne,Chittenden 5-2,Secretary of State,NA,Democratic,Jim Condos,963
Bennington,Sheldon,NA,Secretary of State,NA,Democratic,Jim Condos,320
Windsor,Shoreham,NA,Secretary of State,NA,Democratic,Jim Condos,252
Caledonia,Shrewsbury,NA,Secretary of State,NA,Democratic,Jim Condos,275
Chittenden,S. Burlington,Chittenden 7-1,Secretary of State,NA,Democratic,Jim Condos,"1,103"
Chittenden,S. Burlington,Chittenden 7-2,Secretary of State,NA,Democratic,Jim Condos,"1,209"
Chittenden,S. Burlington,Chittenden 7-3,Secretary of State,NA,Democratic,Jim Condos,924
Chittenden,S. Burlington,Chittenden 7-4,Secretary of State,NA,Democratic,Jim Condos,936
Franklin,S. Hero,NA,Secretary of State,NA,Democratic,Jim Condos,581
Addison,Springfield,Windsor 3-1,Secretary of State,NA,Democratic,Jim Condos,52
Addison,Springfield,Windsor 3-2,Secretary of State,NA,Democratic,Jim Condos,"1,196"
Rutland,St. Albans City,NA,Secretary of State,NA,Democratic,Jim Condos,"1,133"
Chittenden,St. Albans Town,Franklin 3-1,Secretary of State,NA,Democratic,Jim Condos,396
Chittenden,St. Albans Town,Franklin 3-2,Secretary of State,NA,Democratic,Jim Condos,842
Grand Isle,St. George,NA,Secretary of State,NA,Democratic,Jim Condos,151
Windsor,St. Johnsbury,NA,Secretary of State,NA,Democratic,Jim Condos,"1,234"
Bennington,Stamford,NA,Secretary of State,NA,Democratic,Jim Condos,124
Caledonia,Stannard,NA,Secretary of State,NA,Democratic,Jim Condos,53
Addison,Starksboro,NA,Secretary of State,NA,Democratic,Jim Condos,439
Windsor,Stockbridge,NA,Secretary of State,NA,Democratic,Jim Condos,139
Lamoille,Stowe,NA,Secretary of State,NA,Democratic,Jim Condos,986
Orange,Strafford,NA,Secretary of State,NA,Democratic,Jim Condos,339
Windham,Stratton,NA,Secretary of State,NA,Democratic,Jim Condos,42
Rutland,Sudbury,NA,Secretary of State,NA,Democratic,Jim Condos,146
Bennington,Sunderland,Bennington 3,Secretary of State,NA,Democratic,Jim Condos,50
Bennington,Sunderland,Bennington 4,Secretary of State,NA,Democratic,Jim Condos,126
Caledonia,Sutton,NA,Secretary of State,NA,Democratic,Jim Condos,148
Franklin,Swanton,NA,Secretary of State,NA,Democratic,Jim Condos,"1,043"
Orange,Thetford,NA,Secretary of State,NA,Democratic,Jim Condos,697
Rutland,Tinmouth,Rutland 2,Secretary of State,NA,Democratic,Jim Condos,32
Rutland,Tinmouth,Rutland-Bennington,Secretary of State,NA,Democratic,Jim Condos,92
Orange,Topsham,NA,Secretary of State,NA,Democratic,Jim Condos,153
Windham,Townshend,NA,Secretary of State,NA,Democratic,Jim Condos,208
Orleans,Troy,Orleans 2,Secretary of State,NA,Democratic,Jim Condos,58
Orleans,Troy,Orleans-Lamoille,Secretary of State,NA,Democratic,Jim Condos,180
Orange,Tunbridge,NA,Secretary of State,NA,Democratic,Jim Condos,355
Chittenden,Underhill,NA,Secretary of State,NA,Democratic,Jim Condos,921
Addison,Vergennes,NA,Secretary of State,NA,Democratic,Jim Condos,538
Windham,Vernon,NA,Secretary of State,NA,Democratic,Jim Condos,301
Orange,Vershire,NA,Secretary of State,NA,Democratic,Jim Condos,128
Essex,Victory,NA,Secretary of State,NA,Democratic,Jim Condos,16
Washington,Waitsfield,NA,Secretary of State,NA,Democratic,Jim Condos,531
Caledonia,Walden,NA,Secretary of State,NA,Democratic,Jim Condos,215
Rutland,Wallingford,NA,Secretary of State,NA,Democratic,Jim Condos,403
Addison,Waltham,NA,Secretary of State,NA,Democratic,Jim Condos,135
Windham,Wardsboro,NA,Secretary of State,NA,Democratic,Jim Condos,162
Washington,Warren,NA,Secretary of State,NA,Democratic,Jim Condos,470
Orange,Washington,NA,Secretary of State,NA,Democratic,Jim Condos,217
Washington,Waterbury,NA,Secretary of State,NA,Democratic,Jim Condos,"1,250"
Caledonia,Waterford,NA,Secretary of State,NA,Democratic,Jim Condos,279
Lamoille,Waterville,NA,Secretary of State,NA,Democratic,Jim Condos,116
Windsor,Weathersfield,NA,Secretary of State,NA,Democratic,Jim Condos,478
Rutland,Wells,NA,Secretary of State,NA,Democratic,Jim Condos,177
Orange,W. Fairlee,NA,Secretary of State,NA,Democratic,Jim Condos,104
Rutland,W. Haven,NA,Secretary of State,NA,Democratic,Jim Condos,49
Rutland,W. Rutland,NA,Secretary of State,NA,Democratic,Jim Condos,351
Windsor,W. Windsor,NA,Secretary of State,NA,Democratic,Jim Condos,278
Orleans,Westfield,NA,Secretary of State,NA,Democratic,Jim Condos,109
Chittenden,Westford,NA,Secretary of State,NA,Democratic,Jim Condos,515
Windham,Westminster,Windham 3,Secretary of State,NA,Democratic,Jim Condos,27
Windham,Westminster,Windham 4,Secretary of State,NA,Democratic,Jim Condos,603
Orleans,Westmore,NA,Secretary of State,NA,Democratic,Jim Condos,82
Windsor,Weston,NA,Secretary of State,NA,Democratic,Jim Condos,181
Addison,Weybridge,NA,Secretary of State,NA,Democratic,Jim Condos,288
Caledonia,Wheelock,NA,Secretary of State,NA,Democratic,Jim Condos,136
Addison,Whiting,NA,Secretary of State,NA,Democratic,Jim Condos,75
Windham,Whitingham,Windham 6,Secretary of State,NA,Democratic,Jim Condos,157
Windham,Whitingham,Windham-Bennington,Secretary of State,NA,Democratic,Jim Condos,4
Orange,Williamstown,NA,Secretary of State,NA,Democratic,Jim Condos,659
Chittenden,Williston,NA,Secretary of State,NA,Democratic,Jim Condos,"2,238"
Windham,Wilmington,NA,Secretary of State,NA,Democratic,Jim Condos,344
Windham,Windham,NA,Secretary of State,NA,Democratic,Jim Condos,82
Windsor,Windsor,NA,Secretary of State,NA,Democratic,Jim Condos,607
Bennington,Winhall,NA,Secretary of State,NA,Democratic,Jim Condos,164
Chittenden,Winooski,NA,Secretary of State,NA,Democratic,Jim Condos,"1,055"
Lamoille,Wolcott,NA,Secretary of State,NA,Democratic,Jim Condos,338
Washington,Woodbury,NA,Secretary of State,NA,Democratic,Jim Condos,237
Bennington,Woodford,NA,Secretary of State,NA,Democratic,Jim Condos,74
Windsor,Woodstock,NA,Secretary of State,NA,Democratic,Jim Condos,817
Washington,Worcester,NA,Secretary of State,NA,Democratic,Jim Condos,281
Addison,Addison,NA,Secretary of State,NA,Progressive,Ben Eastwood,70
Orleans,Albany,NA,Secretary of State,NA,Progressive,Ben Eastwood,58
Grand Isle,Alburgh,NA,Secretary of State,NA,Progressive,Ben Eastwood,65
Windsor,Andover,NA,Secretary of State,NA,Progressive,Ben Eastwood,31
Bennington,Arlington,NA,Secretary of State,NA,Progressive,Ben Eastwood,92
Windham,Athens,NA,Secretary of State,NA,Progressive,Ben Eastwood,15
Franklin,Bakersfield,NA,Secretary of State,NA,Progressive,Ben Eastwood,51
Windsor,Baltimore,NA,Secretary of State,NA,Progressive,Ben Eastwood,14
Windsor,Barnard,NA,Secretary of State,NA,Progressive,Ben Eastwood,64
Caledonia,Barnet,NA,Secretary of State,NA,Progressive,Ben Eastwood,89
Washington,Barre City,NA,Secretary of State,NA,Progressive,Ben Eastwood,302
Washington,Barre Town,NA,Secretary of State,NA,Progressive,Ben Eastwood,353
Orleans,Barton,NA,Secretary of State,NA,Progressive,Ben Eastwood,95
Lamoille,Belvidere,NA,Secretary of State,NA,Progressive,Ben Eastwood,17
Bennington,Bennington,Bennington 2-1,Secretary of State,NA,Progressive,Ben Eastwood,202
Bennington,Bennington,Bennington 2-2,Secretary of State,NA,Progressive,Ben Eastwood,238
Rutland,Benson,NA,Secretary of State,NA,Progressive,Ben Eastwood,49
Franklin,Berkshire,NA,Secretary of State,NA,Progressive,Ben Eastwood,66
Washington,Berlin,NA,Secretary of State,NA,Progressive,Ben Eastwood,98
Windsor,Bethel,NA,Secretary of State,NA,Progressive,Ben Eastwood,88
Essex,Bloomfield,NA,Secretary of State,NA,Progressive,Ben Eastwood,15
Chittenden,Bolton,NA,Secretary of State,NA,Progressive,Ben Eastwood,61
Orange,Bradford,NA,Secretary of State,NA,Progressive,Ben Eastwood,85
Orange,Braintree,NA,Secretary of State,NA,Progressive,Ben Eastwood,68
Rutland,Brandon,NA,Secretary of State,NA,Progressive,Ben Eastwood,185
Windham,Brattleboro,Windham 2-1,Secretary of State,NA,Progressive,Ben Eastwood,127
Windham,Brattleboro,Windham 2-2,Secretary of State,NA,Progressive,Ben Eastwood,110
Windham,Brattleboro,Windham 2-3,Secretary of State,NA,Progressive,Ben Eastwood,125
Windsor,Bridgewater,NA,Secretary of State,NA,Progressive,Ben Eastwood,31
Addison,Bridport,NA,Secretary of State,NA,Progressive,Ben Eastwood,59
Essex,Brighton,NA,Secretary of State,NA,Progressive,Ben Eastwood,77
Addison,Bristol,NA,Secretary of State,NA,Progressive,Ben Eastwood,249
Orange,Brookfield,NA,Secretary of State,NA,Progressive,Ben Eastwood,76
Windham,Brookline,NA,Secretary of State,NA,Progressive,Ben Eastwood,23
Orleans,Brownington,NA,Secretary of State,NA,Progressive,Ben Eastwood,71
Essex,Brunswick,NA,Secretary of State,NA,Progressive,Ben Eastwood,5
Caledonia,Burke,NA,Secretary of State,NA,Progressive,Ben Eastwood,80
Chittenden,Burlington,Chittenden 6-1,Secretary of State,NA,Progressive,Ben Eastwood,201
Chittenden,Burlington,Chittenden 6-2,Secretary of State,NA,Progressive,Ben Eastwood,177
Chittenden,Burlington,Chittenden 6-3,Secretary of State,NA,Progressive,Ben Eastwood,319
Chittenden,Burlington,Chittenden 6-4,Secretary of State,NA,Progressive,Ben Eastwood,152
Chittenden,Burlington,Chittenden 6-5,Secretary of State,NA,Progressive,Ben Eastwood,246
Chittenden,Burlington,Chittenden 6-6,Secretary of State,NA,Progressive,Ben Eastwood,35
Chittenden,Burlington,Chittenden 6-7,Secretary of State,NA,Progressive,Ben Eastwood,19
Washington,Cabot,NA,Secretary of State,NA,Progressive,Ben Eastwood,81
Washington,Calais,NA,Secretary of State,NA,Progressive,Ben Eastwood,111
Lamoille,Cambridge,NA,Secretary of State,NA,Progressive,Ben Eastwood,131
Essex,Canaan,NA,Secretary of State,NA,Progressive,Ben Eastwood,35
Rutland,Castleton,NA,Secretary of State,NA,Progressive,Ben Eastwood,200
Windsor,Cavendish,NA,Secretary of State,NA,Progressive,Ben Eastwood,77
Orleans,Charleston,NA,Secretary of State,NA,Progressive,Ben Eastwood,48
Chittenden,Charlotte,NA,Secretary of State,NA,Progressive,Ben Eastwood,130
Orange,Chelsea,NA,Secretary of State,NA,Progressive,Ben Eastwood,89
Windsor,Chester,NA,Secretary of State,NA,Progressive,Ben Eastwood,125
Rutland,Chittenden,NA,Secretary of State,NA,Progressive,Ben Eastwood,73
Rutland,Clarendon,NA,Secretary of State,NA,Progressive,Ben Eastwood,136
Chittenden,Colchester,Chittenden 9-1,Secretary of State,NA,Progressive,Ben Eastwood,142
Chittenden,Colchester,Chittenden 9-2,Secretary of State,NA,Progressive,Ben Eastwood,232
Essex,Concord,NA,Secretary of State,NA,Progressive,Ben Eastwood,61
Orange,Corinth,NA,Secretary of State,NA,Progressive,Ben Eastwood,91
Addison,Cornwall,NA,Secretary of State,NA,Progressive,Ben Eastwood,53
Orleans,Coventry,NA,Secretary of State,NA,Progressive,Ben Eastwood,52
Orleans,Craftsbury,NA,Secretary of State,NA,Progressive,Ben Eastwood,81
Rutland,Danby,NA,Secretary of State,NA,Progressive,Ben Eastwood,92
Caledonia,Danville,NA,Secretary of State,NA,Progressive,Ben Eastwood,131
Orleans,Derby,NA,Secretary of State,NA,Progressive,Ben Eastwood,214
Bennington,Dorset,NA,Secretary of State,NA,Progressive,Ben Eastwood,102
Windham,Dover,NA,Secretary of State,NA,Progressive,Ben Eastwood,76
Windham,Dummerston,NA,Secretary of State,NA,Progressive,Ben Eastwood,62
Washington,Duxbury,NA,Secretary of State,NA,Progressive,Ben Eastwood,64
Essex,E. Haven,NA,Secretary of State,NA,Progressive,Ben Eastwood,13
Washington,E. Montpelier,NA,Secretary of State,NA,Progressive,Ben Eastwood,123
Lamoille,Eden,NA,Secretary of State,NA,Progressive,Ben Eastwood,52
Lamoille,Elmore,NA,Secretary of State,NA,Progressive,Ben Eastwood,52
Franklin,Enosburgh,NA,Secretary of State,NA,Progressive,Ben Eastwood,145
Chittenden,Essex,Chittenden 8-1,Secretary of State,NA,Progressive,Ben Eastwood,218
Chittenden,Essex,Chittenden 8-2,Secretary of State,NA,Progressive,Ben Eastwood,255
Chittenden,Essex,Chittenden 8-3,Secretary of State,NA,Progressive,Ben Eastwood,72
Rutland,Fair Haven,NA,Secretary of State,NA,Progressive,Ben Eastwood,112
Franklin,Fairfax,NA,Secretary of State,NA,Progressive,Ben Eastwood,166
Franklin,Fairfield,NA,Secretary of State,NA,Progressive,Ben Eastwood,63
Orange,Fairlee,NA,Secretary of State,NA,Progressive,Ben Eastwood,53
Washington,Fayston,NA,Secretary of State,NA,Progressive,Ben Eastwood,66
Addison,Ferrisburgh,NA,Secretary of State,NA,Progressive,Ben Eastwood,115
Franklin,Fletcher,NA,Secretary of State,NA,Progressive,Ben Eastwood,58
Franklin,Franklin,NA,Secretary of State,NA,Progressive,Ben Eastwood,49
Franklin,Georgia,NA,Secretary of State,NA,Progressive,Ben Eastwood,178
Orleans,Glover,NA,Secretary of State,NA,Progressive,Ben Eastwood,67
Addison,Goshen,NA,Secretary of State,NA,Progressive,Ben Eastwood,11
Windham,Grafton,NA,Secretary of State,NA,Progressive,Ben Eastwood,27
Essex,Granby,NA,Secretary of State,NA,Progressive,Ben Eastwood,5
Grand Isle,Grand Isle,NA,Secretary of State,NA,Progressive,Ben Eastwood,92
Addison,Granville,NA,Secretary of State,NA,Progressive,Ben Eastwood,16
Orleans,Greensboro,NA,Secretary of State,NA,Progressive,Ben Eastwood,45
Caledonia,Groton,NA,Secretary of State,NA,Progressive,Ben Eastwood,68
Essex,Guildhall,NA,Secretary of State,NA,Progressive,Ben Eastwood,9
Windham,Guilford,NA,Secretary of State,NA,Progressive,Ben Eastwood,93
Windham,Halifax,NA,Secretary of State,NA,Progressive,Ben Eastwood,31
Addison,Hancock,NA,Secretary of State,NA,Progressive,Ben Eastwood,11
Caledonia,Hardwick,NA,Secretary of State,NA,Progressive,Ben Eastwood,159
Windsor,Hartford,Windsor 4-1,Secretary of State,NA,Progressive,Ben Eastwood,107
Windsor,Hartford,Windsor 4-2,Secretary of State,NA,Progressive,Ben Eastwood,261
Windsor,Hartland,NA,Secretary of State,NA,Progressive,Ben Eastwood,132
Franklin,Highgate,NA,Secretary of State,NA,Progressive,Ben Eastwood,154
Chittenden,Hinesburg,Chittenden 4-1,Secretary of State,NA,Progressive,Ben Eastwood,4
Chittenden,Hinesburg,Chittenden 4-2,Secretary of State,NA,Progressive,Ben Eastwood,156
Orleans,Holland,NA,Secretary of State,NA,Progressive,Ben Eastwood,36
Rutland,Hubbardton,NA,Secretary of State,NA,Progressive,Ben Eastwood,39
Chittenden,Huntington,NA,Secretary of State,NA,Progressive,Ben Eastwood,97
Lamoille,Hyde Park,NA,Secretary of State,NA,Progressive,Ben Eastwood,193
Rutland,Ira,NA,Secretary of State,NA,Progressive,Ben Eastwood,18
Orleans,Irasburg,NA,Secretary of State,NA,Progressive,Ben Eastwood,57
Grand Isle,Isle La Motte,NA,Secretary of State,NA,Progressive,Ben Eastwood,28
Windham,Jamaica,NA,Secretary of State,NA,Progressive,Ben Eastwood,38
Orleans,Jay,NA,Secretary of State,NA,Progressive,Ben Eastwood,21
Chittenden,Jericho,NA,Secretary of State,NA,Progressive,Ben Eastwood,198
Lamoille,Johnson,NA,Secretary of State,NA,Progressive,Ben Eastwood,132
Rutland,Killington,NA,Secretary of State,NA,Progressive,Ben Eastwood,56
Caledonia,Kirby,NA,Secretary of State,NA,Progressive,Ben Eastwood,23
Bennington,Landgrove,NA,Secretary of State,NA,Progressive,Ben Eastwood,6
Addison,Leicester,NA,Secretary of State,NA,Progressive,Ben Eastwood,45
Essex,Lemington,NA,Secretary of State,NA,Progressive,Ben Eastwood,8
Addison,Lincoln,NA,Secretary of State,NA,Progressive,Ben Eastwood,86
Windham,Londonderry,NA,Secretary of State,NA,Progressive,Ben Eastwood,59
Orleans,Lowell,NA,Secretary of State,NA,Progressive,Ben Eastwood,50
Windsor,Ludlow,NA,Secretary of State,NA,Progressive,Ben Eastwood,89
Essex,Lunenburg,NA,Secretary of State,NA,Progressive,Ben Eastwood,60
Caledonia,Lyndon,NA,Secretary of State,NA,Progressive,Ben Eastwood,199
Essex,Maidstone,NA,Secretary of State,NA,Progressive,Ben Eastwood,9
Bennington,Manchester,NA,Secretary of State,NA,Progressive,Ben Eastwood,162
Windham,Marlboro,NA,Secretary of State,NA,Progressive,Ben Eastwood,45
Washington,Marshfield,NA,Secretary of State,NA,Progressive,Ben Eastwood,109
Rutland,Mendon,NA,Secretary of State,NA,Progressive,Ben Eastwood,66
Addison,Middlebury,NA,Secretary of State,NA,Progressive,Ben Eastwood,254
Washington,Middlesex,NA,Secretary of State,NA,Progressive,Ben Eastwood,92
Rutland,Middletown Springs,NA,Secretary of State,NA,Progressive,Ben Eastwood,59
Chittenden,Milton,Chittenden 10,Secretary of State,NA,Progressive,Ben Eastwood,279
Chittenden,Milton,Grand Isle-Chittenden,Secretary of State,NA,Progressive,Ben Eastwood,54
Addison,Monkton,NA,Secretary of State,NA,Progressive,Ben Eastwood,117
Franklin,Montgomery,NA,Secretary of State,NA,Progressive,Ben Eastwood,69
Washington,Montpelier,NA,Secretary of State,NA,Progressive,Ben Eastwood,385
Washington,Moretown,NA,Secretary of State,NA,Progressive,Ben Eastwood,79
Orleans,Morgan,NA,Secretary of State,NA,Progressive,Ben Eastwood,32
Lamoille,Morristown,NA,Secretary of State,NA,Progressive,Ben Eastwood,216
Rutland,Mount Holly,NA,Secretary of State,NA,Progressive,Ben Eastwood,80
Rutland,Mount Tabor,NA,Secretary of State,NA,Progressive,Ben Eastwood,12
Addison,New Haven,NA,Secretary of State,NA,Progressive,Ben Eastwood,108
Caledonia,Newark,NA,Secretary of State,NA,Progressive,Ben Eastwood,21
Orange,Newbury,NA,Secretary of State,NA,Progressive,Ben Eastwood,86
Windham,Newfane,NA,Secretary of State,NA,Progressive,Ben Eastwood,50
Orleans,Newport City,NA,Secretary of State,NA,Progressive,Ben Eastwood,156
Orleans,Newport Town,NA,Secretary of State,NA,Progressive,Ben Eastwood,61
Grand Isle,N. Hero,NA,Secretary of State,NA,Progressive,Ben Eastwood,54
Washington,Northfield,NA,Secretary of State,NA,Progressive,Ben Eastwood,170
Essex,Norton,NA,Secretary of State,NA,Progressive,Ben Eastwood,11
Windsor,Norwich,NA,Secretary of State,NA,Progressive,Ben Eastwood,116
Orange,Orange,NA,Secretary of State,NA,Progressive,Ben Eastwood,59
Addison,Orwell,NA,Secretary of State,NA,Progressive,Ben Eastwood,86
Addison,Panton,NA,Secretary of State,NA,Progressive,Ben Eastwood,33
Rutland,Pawlet,NA,Secretary of State,NA,Progressive,Ben Eastwood,81
Caledonia,Peacham,NA,Secretary of State,NA,Progressive,Ben Eastwood,46
Bennington,Peru,NA,Secretary of State,NA,Progressive,Ben Eastwood,17
Rutland,Pittsfield,NA,Secretary of State,NA,Progressive,Ben Eastwood,30
Rutland,Pittsford,NA,Secretary of State,NA,Progressive,Ben Eastwood,148
Washington,Plainfield,NA,Secretary of State,NA,Progressive,Ben Eastwood,100
Windsor,Plymouth,NA,Secretary of State,NA,Progressive,Ben Eastwood,41
Windsor,Pomfret,NA,Secretary of State,NA,Progressive,Ben Eastwood,54
Rutland,Poultney,NA,Secretary of State,NA,Progressive,Ben Eastwood,143
Bennington,Pownal,NA,Secretary of State,NA,Progressive,Ben Eastwood,157
Rutland,Proctor,NA,Secretary of State,NA,Progressive,Ben Eastwood,86
Windham,Putney,NA,Secretary of State,NA,Progressive,Ben Eastwood,80
Orange,Randolph,NA,Secretary of State,NA,Progressive,Ben Eastwood,206
Windsor,Reading,NA,Secretary of State,NA,Progressive,Ben Eastwood,31
Bennington,Readsboro,NA,Secretary of State,NA,Progressive,Ben Eastwood,31
Franklin,Richford,NA,Secretary of State,NA,Progressive,Ben Eastwood,62
Chittenden,Richmond,NA,Secretary of State,NA,Progressive,Ben Eastwood,141
Addison,Ripton,NA,Secretary of State,NA,Progressive,Ben Eastwood,27
Windsor,Rochester,NA,Secretary of State,NA,Progressive,Ben Eastwood,58
Windham,Rockingham,NA,Secretary of State,NA,Progressive,Ben Eastwood,113
Washington,Roxbury,NA,Secretary of State,NA,Progressive,Ben Eastwood,41
Windsor,Royalton,NA,Secretary of State,NA,Progressive,Ben Eastwood,148
Bennington,Rupert,NA,Secretary of State,NA,Progressive,Ben Eastwood,42
Rutland,Rutland City,Rutland 5-1,Secretary of State,NA,Progressive,Ben Eastwood,163
Rutland,Rutland City,Rutland 5-2,Secretary of State,NA,Progressive,Ben Eastwood,153
Rutland,Rutland City,Rutland 5-3,Secretary of State,NA,Progressive,Ben Eastwood,81
Rutland,Rutland City,Rutland 5-4,Secretary of State,NA,Progressive,Ben Eastwood,131
Rutland,Rutland Town,NA,Secretary of State,NA,Progressive,Ben Eastwood,215
Caledonia,Ryegate,NA,Secretary of State,NA,Progressive,Ben Eastwood,59
Franklin,Salisbury,NA,Secretary of State,NA,Progressive,Ben Eastwood,56
Franklin,Sandgate,NA,Secretary of State,NA,Progressive,Ben Eastwood,19
Chittenden,Searsburg,NA,Secretary of State,NA,Progressive,Ben Eastwood,2
Caledonia,Shaftsbury,NA,Secretary of State,NA,Progressive,Ben Eastwood,132
Addison,Sharon,NA,Secretary of State,NA,Progressive,Ben Eastwood,66
Bennington,Sheffield,NA,Secretary of State,NA,Progressive,Ben Eastwood,28
Bennington,Shelburne,Chittenden 5-1,Secretary of State,NA,Progressive,Ben Eastwood,92
Bennington,Shelburne,Chittenden 5-2,Secretary of State,NA,Progressive,Ben Eastwood,73
Bennington,Sheldon,NA,Secretary of State,NA,Progressive,Ben Eastwood,66
Windsor,Shoreham,NA,Secretary of State,NA,Progressive,Ben Eastwood,48
Caledonia,Shrewsbury,NA,Secretary of State,NA,Progressive,Ben Eastwood,72
Chittenden,S. Burlington,Chittenden 7-1,Secretary of State,NA,Progressive,Ben Eastwood,130
Chittenden,S. Burlington,Chittenden 7-2,Secretary of State,NA,Progressive,Ben Eastwood,135
Chittenden,S. Burlington,Chittenden 7-3,Secretary of State,NA,Progressive,Ben Eastwood,111
Chittenden,S. Burlington,Chittenden 7-4,Secretary of State,NA,Progressive,Ben Eastwood,150
Franklin,S. Hero,NA,Secretary of State,NA,Progressive,Ben Eastwood,60
Addison,Springfield,Windsor 3-1,Secretary of State,NA,Progressive,Ben Eastwood,10
Addison,Springfield,Windsor 3-2,Secretary of State,NA,Progressive,Ben Eastwood,257
Rutland,St. Albans City,NA,Secretary of State,NA,Progressive,Ben Eastwood,174
Chittenden,St. Albans Town,Franklin 3-1,Secretary of State,NA,Progressive,Ben Eastwood,58
Chittenden,St. Albans Town,Franklin 3-2,Secretary of State,NA,Progressive,Ben Eastwood,195
Grand Isle,St. George,NA,Secretary of State,NA,Progressive,Ben Eastwood,23
Windsor,St. Johnsbury,NA,Secretary of State,NA,Progressive,Ben Eastwood,279
Bennington,Stamford,NA,Secretary of State,NA,Progressive,Ben Eastwood,41
Caledonia,Stannard,NA,Secretary of State,NA,Progressive,Ben Eastwood,18
Addison,Starksboro,NA,Secretary of State,NA,Progressive,Ben Eastwood,108
Windsor,Stockbridge,NA,Secretary of State,NA,Progressive,Ben Eastwood,43
Lamoille,Stowe,NA,Secretary of State,NA,Progressive,Ben Eastwood,148
Orange,Strafford,NA,Secretary of State,NA,Progressive,Ben Eastwood,56
Windham,Stratton,NA,Secretary of State,NA,Progressive,Ben Eastwood,15
Rutland,Sudbury,NA,Secretary of State,NA,Progressive,Ben Eastwood,26
Bennington,Sunderland,Bennington 3,Secretary of State,NA,Progressive,Ben Eastwood,10
Bennington,Sunderland,Bennington 4,Secretary of State,NA,Progressive,Ben Eastwood,28
Caledonia,Sutton,NA,Secretary of State,NA,Progressive,Ben Eastwood,40
Franklin,Swanton,NA,Secretary of State,NA,Progressive,Ben Eastwood,216
Orange,Thetford,NA,Secretary of State,NA,Progressive,Ben Eastwood,148
Rutland,Tinmouth,Rutland 2,Secretary of State,NA,Progressive,Ben Eastwood,13
Rutland,Tinmouth,Rutland-Bennington,Secretary of State,NA,Progressive,Ben Eastwood,31
Orange,Topsham,NA,Secretary of State,NA,Progressive,Ben Eastwood,45
Windham,Townshend,NA,Secretary of State,NA,Progressive,Ben Eastwood,33
Orleans,Troy,Orleans 2,Secretary of State,NA,Progressive,Ben Eastwood,23
Orleans,Troy,Orleans-Lamoille,Secretary of State,NA,Progressive,Ben Eastwood,41
Orange,Tunbridge,NA,Secretary of State,NA,Progressive,Ben Eastwood,97
Chittenden,Underhill,NA,Secretary of State,NA,Progressive,Ben Eastwood,122
Addison,Vergennes,NA,Secretary of State,NA,Progressive,Ben Eastwood,98
Windham,Vernon,NA,Secretary of State,NA,Progressive,Ben Eastwood,63
Orange,Vershire,NA,Secretary of State,NA,Progressive,Ben Eastwood,33
Essex,Victory,NA,Secretary of State,NA,Progressive,Ben Eastwood,3
Washington,Waitsfield,NA,Secretary of State,NA,Progressive,Ben Eastwood,111
Caledonia,Walden,NA,Secretary of State,NA,Progressive,Ben Eastwood,71
Rutland,Wallingford,NA,Secretary of State,NA,Progressive,Ben Eastwood,106
Addison,Waltham,NA,Secretary of State,NA,Progressive,Ben Eastwood,20
Windham,Wardsboro,NA,Secretary of State,NA,Progressive,Ben Eastwood,37
Washington,Warren,NA,Secretary of State,NA,Progressive,Ben Eastwood,81
Orange,Washington,NA,Secretary of State,NA,Progressive,Ben Eastwood,54
Washington,Waterbury,NA,Secretary of State,NA,Progressive,Ben Eastwood,186
Caledonia,Waterford,NA,Secretary of State,NA,Progressive,Ben Eastwood,82
Lamoille,Waterville,NA,Secretary of State,NA,Progressive,Ben Eastwood,33
Windsor,Weathersfield,NA,Secretary of State,NA,Progressive,Ben Eastwood,153
Rutland,Wells,NA,Secretary of State,NA,Progressive,Ben Eastwood,70
Orange,W. Fairlee,NA,Secretary of State,NA,Progressive,Ben Eastwood,31
Rutland,W. Haven,NA,Secretary of State,NA,Progressive,Ben Eastwood,17
Rutland,W. Rutland,NA,Secretary of State,NA,Progressive,Ben Eastwood,100
Windsor,W. Windsor,NA,Secretary of State,NA,Progressive,Ben Eastwood,64
Orleans,Westfield,NA,Secretary of State,NA,Progressive,Ben Eastwood,37
Chittenden,Westford,NA,Secretary of State,NA,Progressive,Ben Eastwood,106
Windham,Westminster,Windham 3,Secretary of State,NA,Progressive,Ben Eastwood,4
Windham,Westminster,Windham 4,Secretary of State,NA,Progressive,Ben Eastwood,116
Orleans,Westmore,NA,Secretary of State,NA,Progressive,Ben Eastwood,16
Windsor,Weston,NA,Secretary of State,NA,Progressive,Ben Eastwood,28
Addison,Weybridge,NA,Secretary of State,NA,Progressive,Ben Eastwood,30
Caledonia,Wheelock,NA,Secretary of State,NA,Progressive,Ben Eastwood,30
Addison,Whiting,NA,Secretary of State,NA,Progressive,Ben Eastwood,13
Windham,Whitingham,Windham 6,Secretary of State,NA,Progressive,Ben Eastwood,57
Windham,Whitingham,Windham-Bennington,Secretary of State,NA,Progressive,Ben Eastwood,1
Orange,Williamstown,NA,Secretary of State,NA,Progressive,Ben Eastwood,162
Chittenden,Williston,NA,Secretary of State,NA,Progressive,Ben Eastwood,258
Windham,Wilmington,NA,Secretary of State,NA,Progressive,Ben Eastwood,58
Windham,Windham,NA,Secretary of State,NA,Progressive,Ben Eastwood,21
Windsor,Windsor,NA,Secretary of State,NA,Progressive,Ben Eastwood,117
Bennington,Winhall,NA,Secretary of State,NA,Progressive,Ben Eastwood,42
Chittenden,Winooski,NA,Secretary of State,NA,Progressive,Ben Eastwood,185
Lamoille,Wolcott,NA,Secretary of State,NA,Progressive,Ben Eastwood,101
Washington,Woodbury,NA,Secretary of State,NA,Progressive,Ben Eastwood,61
Bennington,Woodford,NA,Secretary of State,NA,Progressive,Ben Eastwood,3
Windsor,Woodstock,NA,Secretary of State,NA,Progressive,Ben Eastwood,116
Washington,Worcester,NA,Secretary of State,NA,Progressive,Ben Eastwood,72
Addison,Addison,NA,Secretary of State,NA,Liberty Union,Mary Alice Herbert,59
Orleans,Albany,NA,Secretary of State,NA,Liberty Union,Mary Alice Herbert,36
Grand Isle,Alburgh,NA,Secretary of State,NA,Liberty Union,Mary Alice Herbert,64
Windsor,Andover,NA,Secretary of State,NA,Liberty Union,Mary Alice Herbert,25
Bennington,Arlington,NA,Secretary of State,NA,Liberty Union,Mary Alice Herbert,125
Windham,Athens,NA,Secretary of State,NA,Liberty Union,Mary Alice Herbert,21
Franklin,Bakersfield,NA,Secretary of State,NA,Liberty Union,Mary Alice Herbert,28
Windsor,Baltimore,NA,Secretary of State,NA,Liberty Union,Mary Alice Herbert,16
Windsor,Barnard,NA,Secretary of State,NA,Liberty Union,Mary Alice Herbert,26
Caledonia,Barnet,NA,Secretary of State,NA,Liberty Union,Mary Alice Herbert,64
Washington,Barre City,NA,Secretary of State,NA,Liberty Union,Mary Alice Herbert,210
Washington,Barre Town,NA,Secretary of State,NA,Liberty Union,Mary Alice Herbert,231
Orleans,Barton,NA,Secretary of State,NA,Liberty Union,Mary Alice Herbert,68
Lamoille,Belvidere,NA,Secretary of State,NA,Liberty Union,Mary Alice Herbert,11
Bennington,Bennington,Bennington 2-1,Secretary of State,NA,Liberty Union,Mary Alice Herbert,200
Bennington,Bennington,Bennington 2-2,Secretary of State,NA,Liberty Union,Mary Alice Herbert,183
Rutland,Benson,NA,Secretary of State,NA,Liberty Union,Mary Alice Herbert,42
Franklin,Berkshire,NA,Secretary of State,NA,Liberty Union,Mary Alice Herbert,34
Washington,Berlin,NA,Secretary of State,NA,Liberty Union,Mary Alice Herbert,55
Windsor,Bethel,NA,Secretary of State,NA,Liberty Union,Mary Alice Herbert,62
Essex,Bloomfield,NA,Secretary of State,NA,Liberty Union,Mary Alice Herbert,11
Chittenden,Bolton,NA,Secretary of State,NA,Liberty Union,Mary Alice Herbert,30
Orange,Bradford,NA,Secretary of State,NA,Liberty Union,Mary Alice Herbert,61
Orange,Braintree,NA,Secretary of State,NA,Liberty Union,Mary Alice Herbert,46
Rutland,Brandon,NA,Secretary of State,NA,Liberty Union,Mary Alice Herbert,121
Windham,Brattleboro,Windham 2-1,Secretary of State,NA,Liberty Union,Mary Alice Herbert,112
Windham,Brattleboro,Windham 2-2,Secretary of State,NA,Liberty Union,Mary Alice Herbert,136
Windham,Brattleboro,Windham 2-3,Secretary of State,NA,Liberty Union,Mary Alice Herbert,109
Windsor,Bridgewater,NA,Secretary of State,NA,Liberty Union,Mary Alice Herbert,38
Addison,Bridport,NA,Secretary of State,NA,Liberty Union,Mary Alice Herbert,41
Essex,Brighton,NA,Secretary of State,NA,Liberty Union,Mary Alice Herbert,40
Addison,Bristol,NA,Secretary of State,NA,Liberty Union,Mary Alice Herbert,136
Orange,Brookfield,NA,Secretary of State,NA,Liberty Union,Mary Alice Herbert,36
Windham,Brookline,NA,Secretary of State,NA,Liberty Union,Mary Alice Herbert,17
Orleans,Brownington,NA,Secretary of State,NA,Liberty Union,Mary Alice Herbert,48
Essex,Brunswick,NA,Secretary of State,NA,Liberty Union,Mary Alice Herbert,2
Caledonia,Burke,NA,Secretary of State,NA,Liberty Union,Mary Alice Herbert,54
Chittenden,Burlington,Chittenden 6-1,Secretary of State,NA,Liberty Union,Mary Alice Herbert,146
Chittenden,Burlington,Chittenden 6-2,Secretary of State,NA,Liberty Union,Mary Alice Herbert,47
Chittenden,Burlington,Chittenden 6-3,Secretary of State,NA,Liberty Union,Mary Alice Herbert,75
Chittenden,Burlington,Chittenden 6-4,Secretary of State,NA,Liberty Union,Mary Alice Herbert,50
Chittenden,Burlington,Chittenden 6-5,Secretary of State,NA,Liberty Union,Mary Alice Herbert,94
Chittenden,Burlington,Chittenden 6-6,Secretary of State,NA,Liberty Union,Mary Alice Herbert,18
Chittenden,Burlington,Chittenden 6-7,Secretary of State,NA,Liberty Union,Mary Alice Herbert,14
Washington,Cabot,NA,Secretary of State,NA,Liberty Union,Mary Alice Herbert,34
Washington,Calais,NA,Secretary of State,NA,Liberty Union,Mary Alice Herbert,39
Lamoille,Cambridge,NA,Secretary of State,NA,Liberty Union,Mary Alice Herbert,92
Essex,Canaan,NA,Secretary of State,NA,Liberty Union,Mary Alice Herbert,22
Rutland,Castleton,NA,Secretary of State,NA,Liberty Union,Mary Alice Herbert,146
Windsor,Cavendish,NA,Secretary of State,NA,Liberty Union,Mary Alice Herbert,77
Orleans,Charleston,NA,Secretary of State,NA,Liberty Union,Mary Alice Herbert,42
Chittenden,Charlotte,NA,Secretary of State,NA,Liberty Union,Mary Alice Herbert,91
Orange,Chelsea,NA,Secretary of State,NA,Liberty Union,Mary Alice Herbert,45
Windsor,Chester,NA,Secretary of State,NA,Liberty Union,Mary Alice Herbert,94
Rutland,Chittenden,NA,Secretary of State,NA,Liberty Union,Mary Alice Herbert,64
Rutland,Clarendon,NA,Secretary of State,NA,Liberty Union,Mary Alice Herbert,103
Chittenden,Colchester,Chittenden 9-1,Secretary of State,NA,Liberty Union,Mary Alice Herbert,117
Chittenden,Colchester,Chittenden 9-2,Secretary of State,NA,Liberty Union,Mary Alice Herbert,183
Essex,Concord,NA,Secretary of State,NA,Liberty Union,Mary Alice Herbert,45
Orange,Corinth,NA,Secretary of State,NA,Liberty Union,Mary Alice Herbert,53
Addison,Cornwall,NA,Secretary of State,NA,Liberty Union,Mary Alice Herbert,34
Orleans,Coventry,NA,Secretary of State,NA,Liberty Union,Mary Alice Herbert,27
Orleans,Craftsbury,NA,Secretary of State,NA,Liberty Union,Mary Alice Herbert,27
Rutland,Danby,NA,Secretary of State,NA,Liberty Union,Mary Alice Herbert,58
Caledonia,Danville,NA,Secretary of State,NA,Liberty Union,Mary Alice Herbert,65
Orleans,Derby,NA,Secretary of State,NA,Liberty Union,Mary Alice Herbert,135
Bennington,Dorset,NA,Secretary of State,NA,Liberty Union,Mary Alice Herbert,101
Windham,Dover,NA,Secretary of State,NA,Liberty Union,Mary Alice Herbert,76
Windham,Dummerston,NA,Secretary of State,NA,Liberty Union,Mary Alice Herbert,84
Washington,Duxbury,NA,Secretary of State,NA,Liberty Union,Mary Alice Herbert,37
Essex,E. Haven,NA,Secretary of State,NA,Liberty Union,Mary Alice Herbert,10
Washington,E. Montpelier,NA,Secretary of State,NA,Liberty Union,Mary Alice Herbert,55
Lamoille,Eden,NA,Secretary of State,NA,Liberty Union,Mary Alice Herbert,24
Lamoille,Elmore,NA,Secretary of State,NA,Liberty Union,Mary Alice Herbert,25
Franklin,Enosburgh,NA,Secretary of State,NA,Liberty Union,Mary Alice Herbert,98
Chittenden,Essex,Chittenden 8-1,Secretary of State,NA,Liberty Union,Mary Alice Herbert,171
Chittenden,Essex,Chittenden 8-2,Secretary of State,NA,Liberty Union,Mary Alice Herbert,195
Chittenden,Essex,Chittenden 8-3,Secretary of State,NA,Liberty Union,Mary Alice Herbert,63
Rutland,Fair Haven,NA,Secretary of State,NA,Liberty Union,Mary Alice Herbert,102
Franklin,Fairfax,NA,Secretary of State,NA,Liberty Union,Mary Alice Herbert,142
Franklin,Fairfield,NA,Secretary of State,NA,Liberty Union,Mary Alice Herbert,45
Orange,Fairlee,NA,Secretary of State,NA,Liberty Union,Mary Alice Herbert,23
Washington,Fayston,NA,Secretary of State,NA,Liberty Union,Mary Alice Herbert,27
Addison,Ferrisburgh,NA,Secretary of State,NA,Liberty Union,Mary Alice Herbert,85
Franklin,Fletcher,NA,Secretary of State,NA,Liberty Union,Mary Alice Herbert,33
Franklin,Franklin,NA,Secretary of State,NA,Liberty Union,Mary Alice Herbert,52
Franklin,Georgia,NA,Secretary of State,NA,Liberty Union,Mary Alice Herbert,135
Orleans,Glover,NA,Secretary of State,NA,Liberty Union,Mary Alice Herbert,44
Addison,Goshen,NA,Secretary of State,NA,Liberty Union,Mary Alice Herbert,12
Windham,Grafton,NA,Secretary of State,NA,Liberty Union,Mary Alice Herbert,31
Essex,Granby,NA,Secretary of State,NA,Liberty Union,Mary Alice Herbert,3
Grand Isle,Grand Isle,NA,Secretary of State,NA,Liberty Union,Mary Alice Herbert,76
Addison,Granville,NA,Secretary of State,NA,Liberty Union,Mary Alice Herbert,8
Orleans,Greensboro,NA,Secretary of State,NA,Liberty Union,Mary Alice Herbert,25
Caledonia,Groton,NA,Secretary of State,NA,Liberty Union,Mary Alice Herbert,37
Essex,Guildhall,NA,Secretary of State,NA,Liberty Union,Mary Alice Herbert,15
Windham,Guilford,NA,Secretary of State,NA,Liberty Union,Mary Alice Herbert,82
Windham,Halifax,NA,Secretary of State,NA,Liberty Union,Mary Alice Herbert,20
Addison,Hancock,NA,Secretary of State,NA,Liberty Union,Mary Alice Herbert,16
Caledonia,Hardwick,NA,Secretary of State,NA,Liberty Union,Mary Alice Herbert,74
Windsor,Hartford,Windsor 4-1,Secretary of State,NA,Liberty Union,Mary Alice Herbert,72
Windsor,Hartford,Windsor 4-2,Secretary of State,NA,Liberty Union,Mary Alice Herbert,192
Windsor,Hartland,NA,Secretary of State,NA,Liberty Union,Mary Alice Herbert,118
Franklin,Highgate,NA,Secretary of State,NA,Liberty Union,Mary Alice Herbert,98
Chittenden,Hinesburg,Chittenden 4-1,Secretary of State,NA,Liberty Union,Mary Alice Herbert,1
Chittenden,Hinesburg,Chittenden 4-2,Secretary of State,NA,Liberty Union,Mary Alice Herbert,99
Orleans,Holland,NA,Secretary of State,NA,Liberty Union,Mary Alice Herbert,27
Rutland,Hubbardton,NA,Secretary of State,NA,Liberty Union,Mary Alice Herbert,23
Chittenden,Huntington,NA,Secretary of State,NA,Liberty Union,Mary Alice Herbert,58
Lamoille,Hyde Park,NA,Secretary of State,NA,Liberty Union,Mary Alice Herbert,101
Rutland,Ira,NA,Secretary of State,NA,Liberty Union,Mary Alice Herbert,19
Orleans,Irasburg,NA,Secretary of State,NA,Liberty Union,Mary Alice Herbert,35
Grand Isle,Isle La Motte,NA,Secretary of State,NA,Liberty Union,Mary Alice Herbert,18
Windham,Jamaica,NA,Secretary of State,NA,Liberty Union,Mary Alice Herbert,28
Orleans,Jay,NA,Secretary of State,NA,Liberty Union,Mary Alice Herbert,11
Chittenden,Jericho,NA,Secretary of State,NA,Liberty Union,Mary Alice Herbert,136
Lamoille,Johnson,NA,Secretary of State,NA,Liberty Union,Mary Alice Herbert,61
Rutland,Killington,NA,Secretary of State,NA,Liberty Union,Mary Alice Herbert,37
Caledonia,Kirby,NA,Secretary of State,NA,Liberty Union,Mary Alice Herbert,8
Bennington,Landgrove,NA,Secretary of State,NA,Liberty Union,Mary Alice Herbert,12
Addison,Leicester,NA,Secretary of State,NA,Liberty Union,Mary Alice Herbert,25
Essex,Lemington,NA,Secretary of State,NA,Liberty Union,Mary Alice Herbert,4
Addison,Lincoln,NA,Secretary of State,NA,Liberty Union,Mary Alice Herbert,49
Windham,Londonderry,NA,Secretary of State,NA,Liberty Union,Mary Alice Herbert,67
Orleans,Lowell,NA,Secretary of State,NA,Liberty Union,Mary Alice Herbert,31
Windsor,Ludlow,NA,Secretary of State,NA,Liberty Union,Mary Alice Herbert,77
Essex,Lunenburg,NA,Secretary of State,NA,Liberty Union,Mary Alice Herbert,55
Caledonia,Lyndon,NA,Secretary of State,NA,Liberty Union,Mary Alice Herbert,148
Essex,Maidstone,NA,Secretary of State,NA,Liberty Union,Mary Alice Herbert,4
Bennington,Manchester,NA,Secretary of State,NA,Liberty Union,Mary Alice Herbert,174
Windham,Marlboro,NA,Secretary of State,NA,Liberty Union,Mary Alice Herbert,37
Washington,Marshfield,NA,Secretary of State,NA,Liberty Union,Mary Alice Herbert,56
Rutland,Mendon,NA,Secretary of State,NA,Liberty Union,Mary Alice Herbert,50
Addison,Middlebury,NA,Secretary of State,NA,Liberty Union,Mary Alice Herbert,120
Washington,Middlesex,NA,Secretary of State,NA,Liberty Union,Mary Alice Herbert,61
Rutland,Middletown Springs,NA,Secretary of State,NA,Liberty Union,Mary Alice Herbert,33
Chittenden,Milton,Chittenden 10,Secretary of State,NA,Liberty Union,Mary Alice Herbert,231
Chittenden,Milton,Grand Isle-Chittenden,Secretary of State,NA,Liberty Union,Mary Alice Herbert,47
Addison,Monkton,NA,Secretary of State,NA,Liberty Union,Mary Alice Herbert,81
Franklin,Montgomery,NA,Secretary of State,NA,Liberty Union,Mary Alice Herbert,42
Washington,Montpelier,NA,Secretary of State,NA,Liberty Union,Mary Alice Herbert,114
Washington,Moretown,NA,Secretary of State,NA,Liberty Union,Mary Alice Herbert,47
Orleans,Morgan,NA,Secretary of State,NA,Liberty Union,Mary Alice Herbert,25
Lamoille,Morristown,NA,Secretary of State,NA,Liberty Union,Mary Alice Herbert,123
Rutland,Mount Holly,NA,Secretary of State,NA,Liberty Union,Mary Alice Herbert,53
Rutland,Mount Tabor,NA,Secretary of State,NA,Liberty Union,Mary Alice Herbert,12
Addison,New Haven,NA,Secretary of State,NA,Liberty Union,Mary Alice Herbert,64
Caledonia,Newark,NA,Secretary of State,NA,Liberty Union,Mary Alice Herbert,27
Orange,Newbury,NA,Secretary of State,NA,Liberty Union,Mary Alice Herbert,85
Windham,Newfane,NA,Secretary of State,NA,Liberty Union,Mary Alice Herbert,82
Orleans,Newport City,NA,Secretary of State,NA,Liberty Union,Mary Alice Herbert,108
Orleans,Newport Town,NA,Secretary of State,NA,Liberty Union,Mary Alice Herbert,39
Grand Isle,N. Hero,NA,Secretary of State,NA,Liberty Union,Mary Alice Herbert,36
Washington,Northfield,NA,Secretary of State,NA,Liberty Union,Mary Alice Herbert,113
Essex,Norton,NA,Secretary of State,NA,Liberty Union,Mary Alice Herbert,7
Windsor,Norwich,NA,Secretary of State,NA,Liberty Union,Mary Alice Herbert,62
Orange,Orange,NA,Secretary of State,NA,Liberty Union,Mary Alice Herbert,36
Addison,Orwell,NA,Secretary of State,NA,Liberty Union,Mary Alice Herbert,53
Addison,Panton,NA,Secretary of State,NA,Liberty Union,Mary Alice Herbert,25
Rutland,Pawlet,NA,Secretary of State,NA,Liberty Union,Mary Alice Herbert,69
Caledonia,Peacham,NA,Secretary of State,NA,Liberty Union,Mary Alice Herbert,20
Bennington,Peru,NA,Secretary of State,NA,Liberty Union,Mary Alice Herbert,19
Rutland,Pittsfield,NA,Secretary of State,NA,Liberty Union,Mary Alice Herbert,14
Rutland,Pittsford,NA,Secretary of State,NA,Liberty Union,Mary Alice Herbert,100
Washington,Plainfield,NA,Secretary of State,NA,Liberty Union,Mary Alice Herbert,29
Windsor,Plymouth,NA,Secretary of State,NA,Liberty Union,Mary Alice Herbert,26
Windsor,Pomfret,NA,Secretary of State,NA,Liberty Union,Mary Alice Herbert,35
Rutland,Poultney,NA,Secretary of State,NA,Liberty Union,Mary Alice Herbert,106
Bennington,Pownal,NA,Secretary of State,NA,Liberty Union,Mary Alice Herbert,173
Rutland,Proctor,NA,Secretary of State,NA,Liberty Union,Mary Alice Herbert,44
Windham,Putney,NA,Secretary of State,NA,Liberty Union,Mary Alice Herbert,143
Orange,Randolph,NA,Secretary of State,NA,Liberty Union,Mary Alice Herbert,151
Windsor,Reading,NA,Secretary of State,NA,Liberty Union,Mary Alice Herbert,30
Bennington,Readsboro,NA,Secretary of State,NA,Liberty Union,Mary Alice Herbert,30
Franklin,Richford,NA,Secretary of State,NA,Liberty Union,Mary Alice Herbert,50
Chittenden,Richmond,NA,Secretary of State,NA,Liberty Union,Mary Alice Herbert,95
Addison,Ripton,NA,Secretary of State,NA,Liberty Union,Mary Alice Herbert,15
Windsor,Rochester,NA,Secretary of State,NA,Liberty Union,Mary Alice Herbert,39
Windham,Rockingham,NA,Secretary of State,NA,Liberty Union,Mary Alice Herbert,163
Washington,Roxbury,NA,Secretary of State,NA,Liberty Union,Mary Alice Herbert,18
Windsor,Royalton,NA,Secretary of State,NA,Liberty Union,Mary Alice Herbert,84
Bennington,Rupert,NA,Secretary of State,NA,Liberty Union,Mary Alice Herbert,37
Rutland,Rutland City,Rutland 5-1,Secretary of State,NA,Liberty Union,Mary Alice Herbert,149
Rutland,Rutland City,Rutland 5-2,Secretary of State,NA,Liberty Union,Mary Alice Herbert,120
Rutland,Rutland City,Rutland 5-3,Secretary of State,NA,Liberty Union,Mary Alice Herbert,101
Rutland,Rutland City,Rutland 5-4,Secretary of State,NA,Liberty Union,Mary Alice Herbert,123
Rutland,Rutland Town,NA,Secretary of State,NA,Liberty Union,Mary Alice Herbert,161
Caledonia,Ryegate,NA,Secretary of State,NA,Liberty Union,Mary Alice Herbert,40
Franklin,Salisbury,NA,Secretary of State,NA,Liberty Union,Mary Alice Herbert,27
Franklin,Sandgate,NA,Secretary of State,NA,Liberty Union,Mary Alice Herbert,22
Chittenden,Searsburg,NA,Secretary of State,NA,Liberty Union,Mary Alice Herbert,10
Caledonia,Shaftsbury,NA,Secretary of State,NA,Liberty Union,Mary Alice Herbert,139
Addison,Sharon,NA,Secretary of State,NA,Liberty Union,Mary Alice Herbert,46
Bennington,Sheffield,NA,Secretary of State,NA,Liberty Union,Mary Alice Herbert,19
Bennington,Shelburne,Chittenden 5-1,Secretary of State,NA,Liberty Union,Mary Alice Herbert,80
Bennington,Shelburne,Chittenden 5-2,Secretary of State,NA,Liberty Union,Mary Alice Herbert,64
Bennington,Sheldon,NA,Secretary of State,NA,Liberty Union,Mary Alice Herbert,40
Windsor,Shoreham,NA,Secretary of State,NA,Liberty Union,Mary Alice Herbert,39
Caledonia,Shrewsbury,NA,Secretary of State,NA,Liberty Union,Mary Alice Herbert,53
Chittenden,S. Burlington,Chittenden 7-1,Secretary of State,NA,Liberty Union,Mary Alice Herbert,68
Chittenden,S. Burlington,Chittenden 7-2,Secretary of State,NA,Liberty Union,Mary Alice Herbert,96
Chittenden,S. Burlington,Chittenden 7-3,Secretary of State,NA,Liberty Union,Mary Alice Herbert,57
Chittenden,S. Burlington,Chittenden 7-4,Secretary of State,NA,Liberty Union,Mary Alice Herbert,102
Franklin,S. Hero,NA,Secretary of State,NA,Liberty Union,Mary Alice Herbert,49
Addison,Springfield,Windsor 3-1,Secretary of State,NA,Liberty Union,Mary Alice Herbert,14
Addison,Springfield,Windsor 3-2,Secretary of State,NA,Liberty Union,Mary Alice Herbert,305
Rutland,St. Albans City,NA,Secretary of State,NA,Liberty Union,Mary Alice Herbert,149
Chittenden,St. Albans Town,Franklin 3-1,Secretary of State,NA,Liberty Union,Mary Alice Herbert,63
Chittenden,St. Albans Town,Franklin 3-2,Secretary of State,NA,Liberty Union,Mary Alice Herbert,113
Grand Isle,St. George,NA,Secretary of State,NA,Liberty Union,Mary Alice Herbert,15
Windsor,St. Johnsbury,NA,Secretary of State,NA,Liberty Union,Mary Alice Herbert,204
Bennington,Stamford,NA,Secretary of State,NA,Liberty Union,Mary Alice Herbert,44
Caledonia,Stannard,NA,Secretary of State,NA,Liberty Union,Mary Alice Herbert,8
Addison,Starksboro,NA,Secretary of State,NA,Liberty Union,Mary Alice Herbert,64
Windsor,Stockbridge,NA,Secretary of State,NA,Liberty Union,Mary Alice Herbert,24
Lamoille,Stowe,NA,Secretary of State,NA,Liberty Union,Mary Alice Herbert,105
Orange,Strafford,NA,Secretary of State,NA,Liberty Union,Mary Alice Herbert,30
Windham,Stratton,NA,Secretary of State,NA,Liberty Union,Mary Alice Herbert,10
Rutland,Sudbury,NA,Secretary of State,NA,Liberty Union,Mary Alice Herbert,21
Bennington,Sunderland,Bennington 3,Secretary of State,NA,Liberty Union,Mary Alice Herbert,8
Bennington,Sunderland,Bennington 4,Secretary of State,NA,Liberty Union,Mary Alice Herbert,32
Caledonia,Sutton,NA,Secretary of State,NA,Liberty Union,Mary Alice Herbert,27
Franklin,Swanton,NA,Secretary of State,NA,Liberty Union,Mary Alice Herbert,158
Orange,Thetford,NA,Secretary of State,NA,Liberty Union,Mary Alice Herbert,77
Rutland,Tinmouth,Rutland 2,Secretary of State,NA,Liberty Union,Mary Alice Herbert,7
Rutland,Tinmouth,Rutland-Bennington,Secretary of State,NA,Liberty Union,Mary Alice Herbert,17
Orange,Topsham,NA,Secretary of State,NA,Liberty Union,Mary Alice Herbert,39
Windham,Townshend,NA,Secretary of State,NA,Liberty Union,Mary Alice Herbert,47
Orleans,Troy,Orleans 2,Secretary of State,NA,Liberty Union,Mary Alice Herbert,10
Orleans,Troy,Orleans-Lamoille,Secretary of State,NA,Liberty Union,Mary Alice Herbert,27
Orange,Tunbridge,NA,Secretary of State,NA,Liberty Union,Mary Alice Herbert,57
Chittenden,Underhill,NA,Secretary of State,NA,Liberty Union,Mary Alice Herbert,94
Addison,Vergennes,NA,Secretary of State,NA,Liberty Union,Mary Alice Herbert,73
Windham,Vernon,NA,Secretary of State,NA,Liberty Union,Mary Alice Herbert,82
Orange,Vershire,NA,Secretary of State,NA,Liberty Union,Mary Alice Herbert,18
Essex,Victory,NA,Secretary of State,NA,Liberty Union,Mary Alice Herbert,7
Washington,Waitsfield,NA,Secretary of State,NA,Liberty Union,Mary Alice Herbert,64
Caledonia,Walden,NA,Secretary of State,NA,Liberty Union,Mary Alice Herbert,32
Rutland,Wallingford,NA,Secretary of State,NA,Liberty Union,Mary Alice Herbert,87
Addison,Waltham,NA,Secretary of State,NA,Liberty Union,Mary Alice Herbert,18
Windham,Wardsboro,NA,Secretary of State,NA,Liberty Union,Mary Alice Herbert,40
Washington,Warren,NA,Secretary of State,NA,Liberty Union,Mary Alice Herbert,43
Orange,Washington,NA,Secretary of State,NA,Liberty Union,Mary Alice Herbert,42
Washington,Waterbury,NA,Secretary of State,NA,Liberty Union,Mary Alice Herbert,111
Caledonia,Waterford,NA,Secretary of State,NA,Liberty Union,Mary Alice Herbert,50
Lamoille,Waterville,NA,Secretary of State,NA,Liberty Union,Mary Alice Herbert,22
Windsor,Weathersfield,NA,Secretary of State,NA,Liberty Union,Mary Alice Herbert,140
Rutland,Wells,NA,Secretary of State,NA,Liberty Union,Mary Alice Herbert,65
Orange,W. Fairlee,NA,Secretary of State,NA,Liberty Union,Mary Alice Herbert,13
Rutland,W. Haven,NA,Secretary of State,NA,Liberty Union,Mary Alice Herbert,15
Rutland,W. Rutland,NA,Secretary of State,NA,Liberty Union,Mary Alice Herbert,88
Windsor,W. Windsor,NA,Secretary of State,NA,Liberty Union,Mary Alice Herbert,59
Orleans,Westfield,NA,Secretary of State,NA,Liberty Union,Mary Alice Herbert,24
Chittenden,Westford,NA,Secretary of State,NA,Liberty Union,Mary Alice Herbert,73
Windham,Westminster,Windham 3,Secretary of State,NA,Liberty Union,Mary Alice Herbert,6
Windham,Westminster,Windham 4,Secretary of State,NA,Liberty Union,Mary Alice Herbert,141
Orleans,Westmore,NA,Secretary of State,NA,Liberty Union,Mary Alice Herbert,21
Windsor,Weston,NA,Secretary of State,NA,Liberty Union,Mary Alice Herbert,24
Addison,Weybridge,NA,Secretary of State,NA,Liberty Union,Mary Alice Herbert,31
Caledonia,Wheelock,NA,Secretary of State,NA,Liberty Union,Mary Alice Herbert,20
Addison,Whiting,NA,Secretary of State,NA,Liberty Union,Mary Alice Herbert,9
Windham,Whitingham,Windham 6,Secretary of State,NA,Liberty Union,Mary Alice Herbert,60
Windham,Whitingham,Windham-Bennington,Secretary of State,NA,Liberty Union,Mary Alice Herbert,3
Orange,Williamstown,NA,Secretary of State,NA,Liberty Union,Mary Alice Herbert,85
Chittenden,Williston,NA,Secretary of State,NA,Liberty Union,Mary Alice Herbert,180
Windham,Wilmington,NA,Secretary of State,NA,Liberty Union,Mary Alice Herbert,81
Windham,Windham,NA,Secretary of State,NA,Liberty Union,Mary Alice Herbert,22
Windsor,Windsor,NA,Secretary of State,NA,Liberty Union,Mary Alice Herbert,90
Bennington,Winhall,NA,Secretary of State,NA,Liberty Union,Mary Alice Herbert,30
Chittenden,Winooski,NA,Secretary of State,NA,Liberty Union,Mary Alice Herbert,91
Lamoille,Wolcott,NA,Secretary of State,NA,Liberty Union,Mary Alice Herbert,54
Washington,Woodbury,NA,Secretary of State,NA,Liberty Union,Mary Alice Herbert,28
Bennington,Woodford,NA,Secretary of State,NA,Liberty Union,Mary Alice Herbert,12
Windsor,Woodstock,NA,Secretary of State,NA,Liberty Union,Mary Alice Herbert,102
Washington,Worcester,NA,Secretary of State,NA,Liberty Union,Mary Alice Herbert,22
Addison,Addison,NA,Secretary of State,NA,NA,Write-Ins,0
Orleans,Albany,NA,Secretary of State,NA,NA,Write-Ins,0
Grand Isle,Alburgh,NA,Secretary of State,NA,NA,Write-Ins,0
Windsor,Andover,NA,Secretary of State,NA,NA,Write-Ins,0
Bennington,Arlington,NA,Secretary of State,NA,NA,Write-Ins,0
Windham,Athens,NA,Secretary of State,NA,NA,Write-Ins,0
Franklin,Bakersfield,NA,Secretary of State,NA,NA,Write-Ins,0
Windsor,Baltimore,NA,Secretary of State,NA,NA,Write-Ins,0
Windsor,Barnard,NA,Secretary of State,NA,NA,Write-Ins,0
Caledonia,Barnet,NA,Secretary of State,NA,NA,Write-Ins,0
Washington,Barre City,NA,Secretary of State,NA,NA,Write-Ins,0
Washington,Barre Town,NA,Secretary of State,NA,NA,Write-Ins,0
Orleans,Barton,NA,Secretary of State,NA,NA,Write-Ins,0
Lamoille,Belvidere,NA,Secretary of State,NA,NA,Write-Ins,0
Bennington,Bennington,Bennington 2-1,Secretary of State,NA,NA,Write-Ins,0
Bennington,Bennington,Bennington 2-2,Secretary of State,NA,NA,Write-Ins,0
Rutland,Benson,NA,Secretary of State,NA,NA,Write-Ins,0
Franklin,Berkshire,NA,Secretary of State,NA,NA,Write-Ins,0
Washington,Berlin,NA,Secretary of State,NA,NA,Write-Ins,0
Windsor,Bethel,NA,Secretary of State,NA,NA,Write-Ins,0
Essex,Bloomfield,NA,Secretary of State,NA,NA,Write-Ins,0
Chittenden,Bolton,NA,Secretary of State,NA,NA,Write-Ins,0
Orange,Bradford,NA,Secretary of State,NA,NA,Write-Ins,0
Orange,Braintree,NA,Secretary of State,NA,NA,Write-Ins,0
Rutland,Brandon,NA,Secretary of State,NA,NA,Write-Ins,0
Windham,Brattleboro,Windham 2-1,Secretary of State,NA,NA,Write-Ins,0
Windham,Brattleboro,Windham 2-2,Secretary of State,NA,NA,Write-Ins,0
Windham,Brattleboro,Windham 2-3,Secretary of State,NA,NA,Write-Ins,0
Windsor,Bridgewater,NA,Secretary of State,NA,NA,Write-Ins,0
Addison,Bridport,NA,Secretary of State,NA,NA,Write-Ins,0
Essex,Brighton,NA,Secretary of State,NA,NA,Write-Ins,0
Addison,Bristol,NA,Secretary of State,NA,NA,Write-Ins,0
Orange,Brookfield,NA,Secretary of State,NA,NA,Write-Ins,0
Windham,Brookline,NA,Secretary of State,NA,NA,Write-Ins,0
Orleans,Brownington,NA,Secretary of State,NA,NA,Write-Ins,0
Essex,Brunswick,NA,Secretary of State,NA,NA,Write-Ins,0
Caledonia,Burke,NA,Secretary of State,NA,NA,Write-Ins,0
Chittenden,Burlington,Chittenden 6-1,Secretary of State,NA,NA,Write-Ins,0
Chittenden,Burlington,Chittenden 6-2,Secretary of State,NA,NA,Write-Ins,0
Chittenden,Burlington,Chittenden 6-3,Secretary of State,NA,NA,Write-Ins,0
Chittenden,Burlington,Chittenden 6-4,Secretary of State,NA,NA,Write-Ins,3
Chittenden,Burlington,Chittenden 6-5,Secretary of State,NA,NA,Write-Ins,11
Chittenden,Burlington,Chittenden 6-6,Secretary of State,NA,NA,Write-Ins,2
Chittenden,Burlington,Chittenden 6-7,Secretary of State,NA,NA,Write-Ins,0
Washington,Cabot,NA,Secretary of State,NA,NA,Write-Ins,0
Washington,Calais,NA,Secretary of State,NA,NA,Write-Ins,4
Lamoille,Cambridge,NA,Secretary of State,NA,NA,Write-Ins,3
Essex,Canaan,NA,Secretary of State,NA,NA,Write-Ins,0
Rutland,Castleton,NA,Secretary of State,NA,NA,Write-Ins,3
Windsor,Cavendish,NA,Secretary of State,NA,NA,Write-Ins,0
Orleans,Charleston,NA,Secretary of State,NA,NA,Write-Ins,2
Chittenden,Charlotte,NA,Secretary of State,NA,NA,Write-Ins,4
Orange,Chelsea,NA,Secretary of State,NA,NA,Write-Ins,0
Windsor,Chester,NA,Secretary of State,NA,NA,Write-Ins,2
Rutland,Chittenden,NA,Secretary of State,NA,NA,Write-Ins,0
Rutland,Clarendon,NA,Secretary of State,NA,NA,Write-Ins,2
Chittenden,Colchester,Chittenden 9-1,Secretary of State,NA,NA,Write-Ins,3
Chittenden,Colchester,Chittenden 9-2,Secretary of State,NA,NA,Write-Ins,10
Essex,Concord,NA,Secretary of State,NA,NA,Write-Ins,2
Orange,Corinth,NA,Secretary of State,NA,NA,Write-Ins,1
Addison,Cornwall,NA,Secretary of State,NA,NA,Write-Ins,0
Orleans,Coventry,NA,Secretary of State,NA,NA,Write-Ins,0
Orleans,Craftsbury,NA,Secretary of State,NA,NA,Write-Ins,1
Rutland,Danby,NA,Secretary of State,NA,NA,Write-Ins,3
Caledonia,Danville,NA,Secretary of State,NA,NA,Write-Ins,1
Orleans,Derby,NA,Secretary of State,NA,NA,Write-Ins,12
Bennington,Dorset,NA,Secretary of State,NA,NA,Write-Ins,0
Windham,Dover,NA,Secretary of State,NA,NA,Write-Ins,1
Windham,Dummerston,NA,Secretary of State,NA,NA,Write-Ins,0
Washington,Duxbury,NA,Secretary of State,NA,NA,Write-Ins,2
Essex,E. Haven,NA,Secretary of State,NA,NA,Write-Ins,0
Washington,E. Montpelier,NA,Secretary of State,NA,NA,Write-Ins,3
Lamoille,Eden,NA,Secretary of State,NA,NA,Write-Ins,0
Lamoille,Elmore,NA,Secretary of State,NA,NA,Write-Ins,1
Franklin,Enosburgh,NA,Secretary of State,NA,NA,Write-Ins,0
Chittenden,Essex,Chittenden 8-1,Secretary of State,NA,NA,Write-Ins,16
Chittenden,Essex,Chittenden 8-2,Secretary of State,NA,NA,Write-Ins,24
Chittenden,Essex,Chittenden 8-3,Secretary of State,NA,NA,Write-Ins,3
Rutland,Fair Haven,NA,Secretary of State,NA,NA,Write-Ins,8
Franklin,Fairfax,NA,Secretary of State,NA,NA,Write-Ins,9
Franklin,Fairfield,NA,Secretary of State,NA,NA,Write-Ins,3
Orange,Fairlee,NA,Secretary of State,NA,NA,Write-Ins,1
Washington,Fayston,NA,Secretary of State,NA,NA,Write-Ins,2
Addison,Ferrisburgh,NA,Secretary of State,NA,NA,Write-Ins,4
Franklin,Fletcher,NA,Secretary of State,NA,NA,Write-Ins,1
Franklin,Franklin,NA,Secretary of State,NA,NA,Write-Ins,0
Franklin,Georgia,NA,Secretary of State,NA,NA,Write-Ins,6
Orleans,Glover,NA,Secretary of State,NA,NA,Write-Ins,0
Addison,Goshen,NA,Secretary of State,NA,NA,Write-Ins,0
Windham,Grafton,NA,Secretary of State,NA,NA,Write-Ins,0
Essex,Granby,NA,Secretary of State,NA,NA,Write-Ins,0
Grand Isle,Grand Isle,NA,Secretary of State,NA,NA,Write-Ins,9
Addison,Granville,NA,Secretary of State,NA,NA,Write-Ins,0
Orleans,Greensboro,NA,Secretary of State,NA,NA,Write-Ins,1
Caledonia,Groton,NA,Secretary of State,NA,NA,Write-Ins,3
Essex,Guildhall,NA,Secretary of State,NA,NA,Write-Ins,0
Windham,Guilford,NA,Secretary of State,NA,NA,Write-Ins,2
Windham,Halifax,NA,Secretary of State,NA,NA,Write-Ins,0
Addison,Hancock,NA,Secretary of State,NA,NA,Write-Ins,0
Caledonia,Hardwick,NA,Secretary of State,NA,NA,Write-Ins,0
Windsor,Hartford,Windsor 4-1,Secretary of State,NA,NA,Write-Ins,3
Windsor,Hartford,Windsor 4-2,Secretary of State,NA,NA,Write-Ins,20
Windsor,Hartland,NA,Secretary of State,NA,NA,Write-Ins,1
Franklin,Highgate,NA,Secretary of State,NA,NA,Write-Ins,1
Chittenden,Hinesburg,Chittenden 4-1,Secretary of State,NA,NA,Write-Ins,0
Chittenden,Hinesburg,Chittenden 4-2,Secretary of State,NA,NA,Write-Ins,5
Orleans,Holland,NA,Secretary of State,NA,NA,Write-Ins,1
Rutland,Hubbardton,NA,Secretary of State,NA,NA,Write-Ins,2
Chittenden,Huntington,NA,Secretary of State,NA,NA,Write-Ins,0
Lamoille,Hyde Park,NA,Secretary of State,NA,NA,Write-Ins,1
Rutland,Ira,NA,Secretary of State,NA,NA,Write-Ins,2
Orleans,Irasburg,NA,Secretary of State,NA,NA,Write-Ins,0
Grand Isle,Isle La Motte,NA,Secretary of State,NA,NA,Write-Ins,3
Windham,Jamaica,NA,Secretary of State,NA,NA,Write-Ins,0
Orleans,Jay,NA,Secretary of State,NA,NA,Write-Ins,0
Chittenden,Jericho,NA,Secretary of State,NA,NA,Write-Ins,5
Lamoille,Johnson,NA,Secretary of State,NA,NA,Write-Ins,2
Rutland,Killington,NA,Secretary of State,NA,NA,Write-Ins,3
Caledonia,Kirby,NA,Secretary of State,NA,NA,Write-Ins,1
Bennington,Landgrove,NA,Secretary of State,NA,NA,Write-Ins,0
Addison,Leicester,NA,Secretary of State,NA,NA,Write-Ins,0
Essex,Lemington,NA,Secretary of State,NA,NA,Write-Ins,0
Addison,Lincoln,NA,Secretary of State,NA,NA,Write-Ins,0
Windham,Londonderry,NA,Secretary of State,NA,NA,Write-Ins,1
Orleans,Lowell,NA,Secretary of State,NA,NA,Write-Ins,1
Windsor,Ludlow,NA,Secretary of State,NA,NA,Write-Ins,1
Essex,Lunenburg,NA,Secretary of State,NA,NA,Write-Ins,3
Caledonia,Lyndon,NA,Secretary of State,NA,NA,Write-Ins,7
Essex,Maidstone,NA,Secretary of State,NA,NA,Write-Ins,0
Bennington,Manchester,NA,Secretary of State,NA,NA,Write-Ins,6
Windham,Marlboro,NA,Secretary of State,NA,NA,Write-Ins,0
Washington,Marshfield,NA,Secretary of State,NA,NA,Write-Ins,5
Rutland,Mendon,NA,Secretary of State,NA,NA,Write-Ins,2
Addison,Middlebury,NA,Secretary of State,NA,NA,Write-Ins,6
Washington,Middlesex,NA,Secretary of State,NA,NA,Write-Ins,5
Rutland,Middletown Springs,NA,Secretary of State,NA,NA,Write-Ins,0
Chittenden,Milton,Chittenden 10,Secretary of State,NA,NA,Write-Ins,5
Chittenden,Milton,Grand Isle-Chittenden,Secretary of State,NA,NA,Write-Ins,1
Addison,Monkton,NA,Secretary of State,NA,NA,Write-Ins,4
Franklin,Montgomery,NA,Secretary of State,NA,NA,Write-Ins,0
Washington,Montpelier,NA,Secretary of State,NA,NA,Write-Ins,5
Washington,Moretown,NA,Secretary of State,NA,NA,Write-Ins,1
Orleans,Morgan,NA,Secretary of State,NA,NA,Write-Ins,2
Lamoille,Morristown,NA,Secretary of State,NA,NA,Write-Ins,4
Rutland,Mount Holly,NA,Secretary of State,NA,NA,Write-Ins,3
Rutland,Mount Tabor,NA,Secretary of State,NA,NA,Write-Ins,0
Addison,New Haven,NA,Secretary of State,NA,NA,Write-Ins,2
Caledonia,Newark,NA,Secretary of State,NA,NA,Write-Ins,3
Orange,Newbury,NA,Secretary of State,NA,NA,Write-Ins,0
Windham,Newfane,NA,Secretary of State,NA,NA,Write-Ins,0
Orleans,Newport City,NA,Secretary of State,NA,NA,Write-Ins,1
Orleans,Newport Town,NA,Secretary of State,NA,NA,Write-Ins,0
Grand Isle,N. Hero,NA,Secretary of State,NA,NA,Write-Ins,1
Washington,Northfield,NA,Secretary of State,NA,NA,Write-Ins,4
Essex,Norton,NA,Secretary of State,NA,NA,Write-Ins,0
Windsor,Norwich,NA,Secretary of State,NA,NA,Write-Ins,1
Orange,Orange,NA,Secretary of State,NA,NA,Write-Ins,3
Addison,Orwell,NA,Secretary of State,NA,NA,Write-Ins,4
Addison,Panton,NA,Secretary of State,NA,NA,Write-Ins,1
Rutland,Pawlet,NA,Secretary of State,NA,NA,Write-Ins,0
Caledonia,Peacham,NA,Secretary of State,NA,NA,Write-Ins,1
Bennington,Peru,NA,Secretary of State,NA,NA,Write-Ins,0
Rutland,Pittsfield,NA,Secretary of State,NA,NA,Write-Ins,1
Rutland,Pittsford,NA,Secretary of State,NA,NA,Write-Ins,5
Washington,Plainfield,NA,Secretary of State,NA,NA,Write-Ins,1
Windsor,Plymouth,NA,Secretary of State,NA,NA,Write-Ins,0
Windsor,Pomfret,NA,Secretary of State,NA,NA,Write-Ins,1
Rutland,Poultney,NA,Secretary of State,NA,NA,Write-Ins,3
Bennington,Pownal,NA,Secretary of State,NA,NA,Write-Ins,5
Rutland,Proctor,NA,Secretary of State,NA,NA,Write-Ins,4
Windham,Putney,NA,Secretary of State,NA,NA,Write-Ins,1
Orange,Randolph,NA,Secretary of State,NA,NA,Write-Ins,10
Windsor,Reading,NA,Secretary of State,NA,NA,Write-Ins,0
Bennington,Readsboro,NA,Secretary of State,NA,NA,Write-Ins,0
Franklin,Richford,NA,Secretary of State,NA,NA,Write-Ins,1
Chittenden,Richmond,NA,Secretary of State,NA,NA,Write-Ins,7
Addison,Ripton,NA,Secretary of State,NA,NA,Write-Ins,0
Windsor,Rochester,NA,Secretary of State,NA,NA,Write-Ins,1
Windham,Rockingham,NA,Secretary of State,NA,NA,Write-Ins,3
Washington,Roxbury,NA,Secretary of State,NA,NA,Write-Ins,1
Windsor,Royalton,NA,Secretary of State,NA,NA,Write-Ins,5
Bennington,Rupert,NA,Secretary of State,NA,NA,Write-Ins,0
Rutland,Rutland City,Rutland 5-1,Secretary of State,NA,NA,Write-Ins,9
Rutland,Rutland City,Rutland 5-2,Secretary of State,NA,NA,Write-Ins,10
Rutland,Rutland City,Rutland 5-3,Secretary of State,NA,NA,Write-Ins,4
Rutland,Rutland City,Rutland 5-4,Secretary of State,NA,NA,Write-Ins,8
Rutland,Rutland Town,NA,Secretary of State,NA,NA,Write-Ins,13
Caledonia,Ryegate,NA,Secretary of State,NA,NA,Write-Ins,1
Franklin,Salisbury,NA,Secretary of State,NA,NA,Write-Ins,3
Franklin,Sandgate,NA,Secretary of State,NA,NA,Write-Ins,1
Chittenden,Searsburg,NA,Secretary of State,NA,NA,Write-Ins,0
Caledonia,Shaftsbury,NA,Secretary of State,NA,NA,Write-Ins,3
Addison,Sharon,NA,Secretary of State,NA,NA,Write-Ins,3
Bennington,Sheffield,NA,Secretary of State,NA,NA,Write-Ins,0
Bennington,Shelburne,Chittenden 5-1,Secretary of State,NA,NA,Write-Ins,7
Bennington,Shelburne,Chittenden 5-2,Secretary of State,NA,NA,Write-Ins,2
Bennington,Sheldon,NA,Secretary of State,NA,NA,Write-Ins,4
Windsor,Shoreham,NA,Secretary of State,NA,NA,Write-Ins,0
Caledonia,Shrewsbury,NA,Secretary of State,NA,NA,Write-Ins,0
Chittenden,S. Burlington,Chittenden 7-1,Secretary of State,NA,NA,Write-Ins,9
Chittenden,S. Burlington,Chittenden 7-2,Secretary of State,NA,NA,Write-Ins,9
Chittenden,S. Burlington,Chittenden 7-3,Secretary of State,NA,NA,Write-Ins,6
Chittenden,S. Burlington,Chittenden 7-4,Secretary of State,NA,NA,Write-Ins,8
Franklin,S. Hero,NA,Secretary of State,NA,NA,Write-Ins,4
Addison,Springfield,Windsor 3-1,Secretary of State,NA,NA,Write-Ins,0
Addison,Springfield,Windsor 3-2,Secretary of State,NA,NA,Write-Ins,5
Rutland,St. Albans City,NA,Secretary of State,NA,NA,Write-Ins,17
Chittenden,St. Albans Town,Franklin 3-1,Secretary of State,NA,NA,Write-Ins,3
Chittenden,St. Albans Town,Franklin 3-2,Secretary of State,NA,NA,Write-Ins,2
Grand Isle,St. George,NA,Secretary of State,NA,NA,Write-Ins,0
Windsor,St. Johnsbury,NA,Secretary of State,NA,NA,Write-Ins,8
Bennington,Stamford,NA,Secretary of State,NA,NA,Write-Ins,1
Caledonia,Stannard,NA,Secretary of State,NA,NA,Write-Ins,0
Addison,Starksboro,NA,Secretary of State,NA,NA,Write-Ins,2
Windsor,Stockbridge,NA,Secretary of State,NA,NA,Write-Ins,2
Lamoille,Stowe,NA,Secretary of State,NA,NA,Write-Ins,3
Orange,Strafford,NA,Secretary of State,NA,NA,Write-Ins,0
Windham,Stratton,NA,Secretary of State,NA,NA,Write-Ins,0
Rutland,Sudbury,NA,Secretary of State,NA,NA,Write-Ins,1
Bennington,Sunderland,Bennington 3,Secretary of State,NA,NA,Write-Ins,0
Bennington,Sunderland,Bennington 4,Secretary of State,NA,NA,Write-Ins,0
Caledonia,Sutton,NA,Secretary of State,NA,NA,Write-Ins,0
Franklin,Swanton,NA,Secretary of State,NA,NA,Write-Ins,15
Orange,Thetford,NA,Secretary of State,NA,NA,Write-Ins,2
Rutland,Tinmouth,Rutland 2,Secretary of State,NA,NA,Write-Ins,0
Rutland,Tinmouth,Rutland-Bennington,Secretary of State,NA,NA,Write-Ins,0
Orange,Topsham,NA,Secretary of State,NA,NA,Write-Ins,0
Windham,Townshend,NA,Secretary of State,NA,NA,Write-Ins,1
Orleans,Troy,Orleans 2,Secretary of State,NA,NA,Write-Ins,2
Orleans,Troy,Orleans-Lamoille,Secretary of State,NA,NA,Write-Ins,0
Orange,Tunbridge,NA,Secretary of State,NA,NA,Write-Ins,1
Chittenden,Underhill,NA,Secretary of State,NA,NA,Write-Ins,2
Addison,Vergennes,NA,Secretary of State,NA,NA,Write-Ins,2
Windham,Vernon,NA,Secretary of State,NA,NA,Write-Ins,0
Orange,Vershire,NA,Secretary of State,NA,NA,Write-Ins,1
Essex,Victory,NA,Secretary of State,NA,NA,Write-Ins,0
Washington,Waitsfield,NA,Secretary of State,NA,NA,Write-Ins,6
Caledonia,Walden,NA,Secretary of State,NA,NA,Write-Ins,0
Rutland,Wallingford,NA,Secretary of State,NA,NA,Write-Ins,3
Addison,Waltham,NA,Secretary of State,NA,NA,Write-Ins,0
Windham,Wardsboro,NA,Secretary of State,NA,NA,Write-Ins,0
Washington,Warren,NA,Secretary of State,NA,NA,Write-Ins,3
Orange,Washington,NA,Secretary of State,NA,NA,Write-Ins,1
Washington,Waterbury,NA,Secretary of State,NA,NA,Write-Ins,4
Caledonia,Waterford,NA,Secretary of State,NA,NA,Write-Ins,1
Lamoille,Waterville,NA,Secretary of State,NA,NA,Write-Ins,0
Windsor,Weathersfield,NA,Secretary of State,NA,NA,Write-Ins,1
Rutland,Wells,NA,Secretary of State,NA,NA,Write-Ins,1
Orange,W. Fairlee,NA,Secretary of State,NA,NA,Write-Ins,0
Rutland,W. Haven,NA,Secretary of State,NA,NA,Write-Ins,0
Rutland,W. Rutland,NA,Secretary of State,NA,NA,Write-Ins,4
Windsor,W. Windsor,NA,Secretary of State,NA,NA,Write-Ins,1
Orleans,Westfield,NA,Secretary of State,NA,NA,Write-Ins,0
Chittenden,Westford,NA,Secretary of State,NA,NA,Write-Ins,4
Windham,Westminster,Windham 3,Secretary of State,NA,NA,Write-Ins,1
Windham,Westminster,Windham 4,Secretary of State,NA,NA,Write-Ins,7
Orleans,Westmore,NA,Secretary of State,NA,NA,Write-Ins,3
Windsor,Weston,NA,Secretary of State,NA,NA,Write-Ins,1
Addison,Weybridge,NA,Secretary of State,NA,NA,Write-Ins,0
Caledonia,Wheelock,NA,Secretary of State,NA,NA,Write-Ins,1
Addison,Whiting,NA,Secretary of State,NA,NA,Write-Ins,2
Windham,Whitingham,Windham 6,Secretary of State,NA,NA,Write-Ins,1
Windham,Whitingham,Windham-Bennington,Secretary of State,NA,NA,Write-Ins,0
Orange,Williamstown,NA,Secretary of State,NA,NA,Write-Ins,6
Chittenden,Williston,NA,Secretary of State,NA,NA,Write-Ins,21
Windham,Wilmington,NA,Secretary of State,NA,NA,Write-Ins,2
Windham,Windham,NA,Secretary of State,NA,NA,Write-Ins,0
Windsor,Windsor,NA,Secretary of State,NA,NA,Write-Ins,3
Bennington,Winhall,NA,Secretary of State,NA,NA,Write-Ins,0
Chittenden,Winooski,NA,Secretary of State,NA,NA,Write-Ins,8
Lamoille,Wolcott,NA,Secretary of State,NA,NA,Write-Ins,0
Washington,Woodbury,NA,Secretary of State,NA,NA,Write-Ins,2
Bennington,Woodford,NA,Secretary of State,NA,NA,Write-Ins,0
Windsor,Woodstock,NA,Secretary of State,NA,NA,Write-Ins,1
Washington,Worcester,NA,Secretary of State,NA,NA,Write-Ins,0
Addison,Addison,NA,Secretary of State,NA,NA,Blanks,0
Orleans,Albany,NA,Secretary of State,NA,NA,Blanks,0
Grand Isle,Alburgh,NA,Secretary of State,NA,NA,Blanks,0
Windsor,Andover,NA,Secretary of State,NA,NA,Blanks,0
Bennington,Arlington,NA,Secretary of State,NA,NA,Blanks,0
Windham,Athens,NA,Secretary of State,NA,NA,Blanks,0
Franklin,Bakersfield,NA,Secretary of State,NA,NA,Blanks,0
Windsor,Baltimore,NA,Secretary of State,NA,NA,Blanks,0
Windsor,Barnard,NA,Secretary of State,NA,NA,Blanks,0
Caledonia,Barnet,NA,Secretary of State,NA,NA,Blanks,0
Washington,Barre City,NA,Secretary of State,NA,NA,Blanks,0
Washington,Barre Town,NA,Secretary of State,NA,NA,Blanks,0
Orleans,Barton,NA,Secretary of State,NA,NA,Blanks,0
Lamoille,Belvidere,NA,Secretary of State,NA,NA,Blanks,0
Bennington,Bennington,Bennington 2-1,Secretary of State,NA,NA,Blanks,0
Bennington,Bennington,Bennington 2-2,Secretary of State,NA,NA,Blanks,0
Rutland,Benson,NA,Secretary of State,NA,NA,Blanks,0
Franklin,Berkshire,NA,Secretary of State,NA,NA,Blanks,0
Washington,Berlin,NA,Secretary of State,NA,NA,Blanks,0
Windsor,Bethel,NA,Secretary of State,NA,NA,Blanks,0
Essex,Bloomfield,NA,Secretary of State,NA,NA,Blanks,0
Chittenden,Bolton,NA,Secretary of State,NA,NA,Blanks,0
Orange,Bradford,NA,Secretary of State,NA,NA,Blanks,0
Orange,Braintree,NA,Secretary of State,NA,NA,Blanks,0
Rutland,Brandon,NA,Secretary of State,NA,NA,Blanks,0
Windham,Brattleboro,Windham 2-1,Secretary of State,NA,NA,Blanks,0
Windham,Brattleboro,Windham 2-2,Secretary of State,NA,NA,Blanks,0
Windham,Brattleboro,Windham 2-3,Secretary of State,NA,NA,Blanks,0
Windsor,Bridgewater,NA,Secretary of State,NA,NA,Blanks,0
Addison,Bridport,NA,Secretary of State,NA,NA,Blanks,0
Essex,Brighton,NA,Secretary of State,NA,NA,Blanks,0
Addison,Bristol,NA,Secretary of State,NA,NA,Blanks,0
Orange,Brookfield,NA,Secretary of State,NA,NA,Blanks,0
Windham,Brookline,NA,Secretary of State,NA,NA,Blanks,0
Orleans,Brownington,NA,Secretary of State,NA,NA,Blanks,0
Essex,Brunswick,NA,Secretary of State,NA,NA,Blanks,0
Caledonia,Burke,NA,Secretary of State,NA,NA,Blanks,0
Chittenden,Burlington,Chittenden 6-1,Secretary of State,NA,NA,Blanks,0
Chittenden,Burlington,Chittenden 6-2,Secretary of State,NA,NA,Blanks,0
Chittenden,Burlington,Chittenden 6-3,Secretary of State,NA,NA,Blanks,0
Chittenden,Burlington,Chittenden 6-4,Secretary of State,NA,NA,Blanks,89
Chittenden,Burlington,Chittenden 6-5,Secretary of State,NA,NA,Blanks,252
Chittenden,Burlington,Chittenden 6-6,Secretary of State,NA,NA,Blanks,43
Chittenden,Burlington,Chittenden 6-7,Secretary of State,NA,NA,Blanks,4
Washington,Cabot,NA,Secretary of State,NA,NA,Blanks,94
Washington,Calais,NA,Secretary of State,NA,NA,Blanks,85
Lamoille,Cambridge,NA,Secretary of State,NA,NA,Blanks,113
Essex,Canaan,NA,Secretary of State,NA,NA,Blanks,26
Rutland,Castleton,NA,Secretary of State,NA,NA,Blanks,177
Windsor,Cavendish,NA,Secretary of State,NA,NA,Blanks,93
Orleans,Charleston,NA,Secretary of State,NA,NA,Blanks,43
Chittenden,Charlotte,NA,Secretary of State,NA,NA,Blanks,244
Orange,Chelsea,NA,Secretary of State,NA,NA,Blanks,91
Windsor,Chester,NA,Secretary of State,NA,NA,Blanks,138
Rutland,Chittenden,NA,Secretary of State,NA,NA,Blanks,90
Rutland,Clarendon,NA,Secretary of State,NA,NA,Blanks,129
Chittenden,Colchester,Chittenden 9-1,Secretary of State,NA,NA,Blanks,196
Chittenden,Colchester,Chittenden 9-2,Secretary of State,NA,NA,Blanks,366
Essex,Concord,NA,Secretary of State,NA,NA,Blanks,45
Orange,Corinth,NA,Secretary of State,NA,NA,Blanks,69
Addison,Cornwall,NA,Secretary of State,NA,NA,Blanks,71
Orleans,Coventry,NA,Secretary of State,NA,NA,Blanks,37
Orleans,Craftsbury,NA,Secretary of State,NA,NA,Blanks,61
Rutland,Danby,NA,Secretary of State,NA,NA,Blanks,73
Caledonia,Danville,NA,Secretary of State,NA,NA,Blanks,96
Orleans,Derby,NA,Secretary of State,NA,NA,Blanks,0
Bennington,Dorset,NA,Secretary of State,NA,NA,Blanks,161
Windham,Dover,NA,Secretary of State,NA,NA,Blanks,88
Windham,Dummerston,NA,Secretary of State,NA,NA,Blanks,82
Washington,Duxbury,NA,Secretary of State,NA,NA,Blanks,61
Essex,E. Haven,NA,Secretary of State,NA,NA,Blanks,15
Washington,E. Montpelier,NA,Secretary of State,NA,NA,Blanks,125
Lamoille,Eden,NA,Secretary of State,NA,NA,Blanks,46
Lamoille,Elmore,NA,Secretary of State,NA,NA,Blanks,40
Franklin,Enosburgh,NA,Secretary of State,NA,NA,Blanks,110
Chittenden,Essex,Chittenden 8-1,Secretary of State,NA,NA,Blanks,384
Chittenden,Essex,Chittenden 8-2,Secretary of State,NA,NA,Blanks,422
Chittenden,Essex,Chittenden 8-3,Secretary of State,NA,NA,Blanks,133
Rutland,Fair Haven,NA,Secretary of State,NA,NA,Blanks,98
Franklin,Fairfax,NA,Secretary of State,NA,NA,Blanks,178
Franklin,Fairfield,NA,Secretary of State,NA,NA,Blanks,73
Orange,Fairlee,NA,Secretary of State,NA,NA,Blanks,41
Washington,Fayston,NA,Secretary of State,NA,NA,Blanks,73
Addison,Ferrisburgh,NA,Secretary of State,NA,NA,Blanks,159
Franklin,Fletcher,NA,Secretary of State,NA,NA,Blanks,41
Franklin,Franklin,NA,Secretary of State,NA,NA,Blanks,61
Franklin,Georgia,NA,Secretary of State,NA,NA,Blanks,195
Orleans,Glover,NA,Secretary of State,NA,NA,Blanks,52
Addison,Goshen,NA,Secretary of State,NA,NA,Blanks,8
Windham,Grafton,NA,Secretary of State,NA,NA,Blanks,38
Essex,Granby,NA,Secretary of State,NA,NA,Blanks,5
Grand Isle,Grand Isle,NA,Secretary of State,NA,NA,Blanks,102
Addison,Granville,NA,Secretary of State,NA,NA,Blanks,8
Orleans,Greensboro,NA,Secretary of State,NA,NA,Blanks,25
Caledonia,Groton,NA,Secretary of State,NA,NA,Blanks,72
Essex,Guildhall,NA,Secretary of State,NA,NA,Blanks,28
Windham,Guilford,NA,Secretary of State,NA,NA,Blanks,67
Windham,Halifax,NA,Secretary of State,NA,NA,Blanks,48
Addison,Hancock,NA,Secretary of State,NA,NA,Blanks,14
Caledonia,Hardwick,NA,Secretary of State,NA,NA,Blanks,105
Windsor,Hartford,Windsor 4-1,Secretary of State,NA,NA,Blanks,125
Windsor,Hartford,Windsor 4-2,Secretary of State,NA,NA,Blanks,284
Windsor,Hartland,NA,Secretary of State,NA,NA,Blanks,186
Franklin,Highgate,NA,Secretary of State,NA,NA,Blanks,129
Chittenden,Hinesburg,Chittenden 4-1,Secretary of State,NA,NA,Blanks,1
Chittenden,Hinesburg,Chittenden 4-2,Secretary of State,NA,NA,Blanks,243
Orleans,Holland,NA,Secretary of State,NA,NA,Blanks,22
Rutland,Hubbardton,NA,Secretary of State,NA,NA,Blanks,30
Chittenden,Huntington,NA,Secretary of State,NA,NA,Blanks,80
Lamoille,Hyde Park,NA,Secretary of State,NA,NA,Blanks,189
Rutland,Ira,NA,Secretary of State,NA,NA,Blanks,29
Orleans,Irasburg,NA,Secretary of State,NA,NA,Blanks,45
Grand Isle,Isle La Motte,NA,Secretary of State,NA,NA,Blanks,40
Windham,Jamaica,NA,Secretary of State,NA,NA,Blanks,29
Orleans,Jay,NA,Secretary of State,NA,NA,Blanks,20
Chittenden,Jericho,NA,Secretary of State,NA,NA,Blanks,371
Lamoille,Johnson,NA,Secretary of State,NA,NA,Blanks,100
Rutland,Killington,NA,Secretary of State,NA,NA,Blanks,84
Caledonia,Kirby,NA,Secretary of State,NA,NA,Blanks,20
Bennington,Landgrove,NA,Secretary of State,NA,NA,Blanks,13
Addison,Leicester,NA,Secretary of State,NA,NA,Blanks,48
Essex,Lemington,NA,Secretary of State,NA,NA,Blanks,9
Addison,Lincoln,NA,Secretary of State,NA,NA,Blanks,99
Windham,Londonderry,NA,Secretary of State,NA,NA,Blanks,74
Orleans,Lowell,NA,Secretary of State,NA,NA,Blanks,34
Windsor,Ludlow,NA,Secretary of State,NA,NA,Blanks,142
Essex,Lunenburg,NA,Secretary of State,NA,NA,Blanks,43
Caledonia,Lyndon,NA,Secretary of State,NA,NA,Blanks,151
Essex,Maidstone,NA,Secretary of State,NA,NA,Blanks,11
Bennington,Manchester,NA,Secretary of State,NA,NA,Blanks,337
Windham,Marlboro,NA,Secretary of State,NA,NA,Blanks,41
Washington,Marshfield,NA,Secretary of State,NA,NA,Blanks,65
Rutland,Mendon,NA,Secretary of State,NA,NA,Blanks,63
Addison,Middlebury,NA,Secretary of State,NA,NA,Blanks,264
Washington,Middlesex,NA,Secretary of State,NA,NA,Blanks,108
Rutland,Middletown Springs,NA,Secretary of State,NA,NA,Blanks,67
Chittenden,Milton,Chittenden 10,Secretary of State,NA,NA,Blanks,383
Chittenden,Milton,Grand Isle-Chittenden,Secretary of State,NA,NA,Blanks,67
Addison,Monkton,NA,Secretary of State,NA,NA,Blanks,130
Franklin,Montgomery,NA,Secretary of State,NA,NA,Blanks,47
Washington,Montpelier,NA,Secretary of State,NA,NA,Blanks,308
Washington,Moretown,NA,Secretary of State,NA,NA,Blanks,87
Orleans,Morgan,NA,Secretary of State,NA,NA,Blanks,41
Lamoille,Morristown,NA,Secretary of State,NA,NA,Blanks,197
Rutland,Mount Holly,NA,Secretary of State,NA,NA,Blanks,86
Rutland,Mount Tabor,NA,Secretary of State,NA,NA,Blanks,8
Addison,New Haven,NA,Secretary of State,NA,NA,Blanks,110
Caledonia,Newark,NA,Secretary of State,NA,NA,Blanks,42
Orange,Newbury,NA,Secretary of State,NA,NA,Blanks,85
Windham,Newfane,NA,Secretary of State,NA,NA,Blanks,80
Orleans,Newport City,NA,Secretary of State,NA,NA,Blanks,140
Orleans,Newport Town,NA,Secretary of State,NA,NA,Blanks,60
Grand Isle,N. Hero,NA,Secretary of State,NA,NA,Blanks,52
Washington,Northfield,NA,Secretary of State,NA,NA,Blanks,203
Essex,Norton,NA,Secretary of State,NA,NA,Blanks,6
Windsor,Norwich,NA,Secretary of State,NA,NA,Blanks,193
Orange,Orange,NA,Secretary of State,NA,NA,Blanks,51
Addison,Orwell,NA,Secretary of State,NA,NA,Blanks,73
Addison,Panton,NA,Secretary of State,NA,NA,Blanks,22
Rutland,Pawlet,NA,Secretary of State,NA,NA,Blanks,88
Caledonia,Peacham,NA,Secretary of State,NA,NA,Blanks,39
Bennington,Peru,NA,Secretary of State,NA,NA,Blanks,27
Rutland,Pittsfield,NA,Secretary of State,NA,NA,Blanks,26
Rutland,Pittsford,NA,Secretary of State,NA,NA,Blanks,143
Washington,Plainfield,NA,Secretary of State,NA,NA,Blanks,46
Windsor,Plymouth,NA,Secretary of State,NA,NA,Blanks,48
Windsor,Pomfret,NA,Secretary of State,NA,NA,Blanks,37
Rutland,Poultney,NA,Secretary of State,NA,NA,Blanks,151
Bennington,Pownal,NA,Secretary of State,NA,NA,Blanks,180
Rutland,Proctor,NA,Secretary of State,NA,NA,Blanks,66
Windham,Putney,NA,Secretary of State,NA,NA,Blanks,78
Orange,Randolph,NA,Secretary of State,NA,NA,Blanks,214
Windsor,Reading,NA,Secretary of State,NA,NA,Blanks,24
Bennington,Readsboro,NA,Secretary of State,NA,NA,Blanks,50
Franklin,Richford,NA,Secretary of State,NA,NA,Blanks,51
Chittenden,Richmond,NA,Secretary of State,NA,NA,Blanks,221
Addison,Ripton,NA,Secretary of State,NA,NA,Blanks,36
Windsor,Rochester,NA,Secretary of State,NA,NA,Blanks,72
Windham,Rockingham,NA,Secretary of State,NA,NA,Blanks,132
Washington,Roxbury,NA,Secretary of State,NA,NA,Blanks,42
Windsor,Royalton,NA,Secretary of State,NA,NA,Blanks,141
Bennington,Rupert,NA,Secretary of State,NA,NA,Blanks,57
Rutland,Rutland City,Rutland 5-1,Secretary of State,NA,NA,Blanks,297
Rutland,Rutland City,Rutland 5-2,Secretary of State,NA,NA,Blanks,175
Rutland,Rutland City,Rutland 5-3,Secretary of State,NA,NA,Blanks,94
Rutland,Rutland City,Rutland 5-4,Secretary of State,NA,NA,Blanks,170
Rutland,Rutland Town,NA,Secretary of State,NA,NA,Blanks,314
Caledonia,Ryegate,NA,Secretary of State,NA,NA,Blanks,63
Franklin,Salisbury,NA,Secretary of State,NA,NA,Blanks,35
Franklin,Sandgate,NA,Secretary of State,NA,NA,Blanks,15
Chittenden,Searsburg,NA,Secretary of State,NA,NA,Blanks,7
Caledonia,Shaftsbury,NA,Secretary of State,NA,NA,Blanks,185
Addison,Sharon,NA,Secretary of State,NA,NA,Blanks,58
Bennington,Sheffield,NA,Secretary of State,NA,NA,Blanks,23
Bennington,Shelburne,Chittenden 5-1,Secretary of State,NA,NA,Blanks,256
Bennington,Shelburne,Chittenden 5-2,Secretary of State,NA,NA,Blanks,232
Bennington,Sheldon,NA,Secretary of State,NA,NA,Blanks,48
Windsor,Shoreham,NA,Secretary of State,NA,NA,Blanks,78
Caledonia,Shrewsbury,NA,Secretary of State,NA,NA,Blanks,61
Chittenden,S. Burlington,Chittenden 7-1,Secretary of State,NA,NA,Blanks,167
Chittenden,S. Burlington,Chittenden 7-2,Secretary of State,NA,NA,Blanks,206
Chittenden,S. Burlington,Chittenden 7-3,Secretary of State,NA,NA,Blanks,136
Chittenden,S. Burlington,Chittenden 7-4,Secretary of State,NA,NA,Blanks,172
Franklin,S. Hero,NA,Secretary of State,NA,NA,Blanks,101
Addison,Springfield,Windsor 3-1,Secretary of State,NA,NA,Blanks,8
Addison,Springfield,Windsor 3-2,Secretary of State,NA,NA,Blanks,265
Rutland,St. Albans City,NA,Secretary of State,NA,NA,Blanks,175
Chittenden,St. Albans Town,Franklin 3-1,Secretary of State,NA,NA,Blanks,75
Chittenden,St. Albans Town,Franklin 3-2,Secretary of State,NA,NA,Blanks,152
Grand Isle,St. George,NA,Secretary of State,NA,NA,Blanks,17
Windsor,St. Johnsbury,NA,Secretary of State,NA,NA,Blanks,235
Bennington,Stamford,NA,Secretary of State,NA,NA,Blanks,48
Caledonia,Stannard,NA,Secretary of State,NA,NA,Blanks,8
Addison,Starksboro,NA,Secretary of State,NA,NA,Blanks,99
Windsor,Stockbridge,NA,Secretary of State,NA,NA,Blanks,27
Lamoille,Stowe,NA,Secretary of State,NA,NA,Blanks,260
Orange,Strafford,NA,Secretary of State,NA,NA,Blanks,51
Windham,Stratton,NA,Secretary of State,NA,NA,Blanks,16
Rutland,Sudbury,NA,Secretary of State,NA,NA,Blanks,23
Bennington,Sunderland,Bennington 3,Secretary of State,NA,NA,Blanks,9
Bennington,Sunderland,Bennington 4,Secretary of State,NA,NA,Blanks,44
Caledonia,Sutton,NA,Secretary of State,NA,NA,Blanks,34
Franklin,Swanton,NA,Secretary of State,NA,NA,Blanks,167
Orange,Thetford,NA,Secretary of State,NA,NA,Blanks,161
Rutland,Tinmouth,Rutland 2,Secretary of State,NA,NA,Blanks,4
Rutland,Tinmouth,Rutland-Bennington,Secretary of State,NA,NA,Blanks,12
Orange,Topsham,NA,Secretary of State,NA,NA,Blanks,54
Windham,Townshend,NA,Secretary of State,NA,NA,Blanks,70
Orleans,Troy,Orleans 2,Secretary of State,NA,NA,Blanks,14
Orleans,Troy,Orleans-Lamoille,Secretary of State,NA,NA,Blanks,40
Orange,Tunbridge,NA,Secretary of State,NA,NA,Blanks,80
Chittenden,Underhill,NA,Secretary of State,NA,NA,Blanks,213
Addison,Vergennes,NA,Secretary of State,NA,NA,Blanks,92
Windham,Vernon,NA,Secretary of State,NA,NA,Blanks,119
Orange,Vershire,NA,Secretary of State,NA,NA,Blanks,35
Essex,Victory,NA,Secretary of State,NA,NA,Blanks,4
Washington,Waitsfield,NA,Secretary of State,NA,NA,Blanks,100
Caledonia,Walden,NA,Secretary of State,NA,NA,Blanks,49
Rutland,Wallingford,NA,Secretary of State,NA,NA,Blanks,128
Addison,Waltham,NA,Secretary of State,NA,NA,Blanks,23
Windham,Wardsboro,NA,Secretary of State,NA,NA,Blanks,32
Washington,Warren,NA,Secretary of State,NA,NA,Blanks,116
Orange,Washington,NA,Secretary of State,NA,NA,Blanks,60
Washington,Waterbury,NA,Secretary of State,NA,NA,Blanks,240
Caledonia,Waterford,NA,Secretary of State,NA,NA,Blanks,85
Lamoille,Waterville,NA,Secretary of State,NA,NA,Blanks,31
Windsor,Weathersfield,NA,Secretary of State,NA,NA,Blanks,121
Rutland,Wells,NA,Secretary of State,NA,NA,Blanks,54
Orange,W. Fairlee,NA,Secretary of State,NA,NA,Blanks,14
Rutland,W. Haven,NA,Secretary of State,NA,NA,Blanks,11
Rutland,W. Rutland,NA,Secretary of State,NA,NA,Blanks,74
Windsor,W. Windsor,NA,Secretary of State,NA,NA,Blanks,76
Orleans,Westfield,NA,Secretary of State,NA,NA,Blanks,20
Chittenden,Westford,NA,Secretary of State,NA,NA,Blanks,133
Windham,Westminster,Windham 3,Secretary of State,NA,NA,Blanks,5
Windham,Westminster,Windham 4,Secretary of State,NA,NA,Blanks,73
Orleans,Westmore,NA,Secretary of State,NA,NA,Blanks,22
Windsor,Weston,NA,Secretary of State,NA,NA,Blanks,39
Addison,Weybridge,NA,Secretary of State,NA,NA,Blanks,56
Caledonia,Wheelock,NA,Secretary of State,NA,NA,Blanks,35
Addison,Whiting,NA,Secretary of State,NA,NA,Blanks,20
Windham,Whitingham,Windham 6,Secretary of State,NA,NA,Blanks,64
Windham,Whitingham,Windham-Bennington,Secretary of State,NA,NA,Blanks,1
Orange,Williamstown,NA,Secretary of State,NA,NA,Blanks,106
Chittenden,Williston,NA,Secretary of State,NA,NA,Blanks,459
Windham,Wilmington,NA,Secretary of State,NA,NA,Blanks,86
Windham,Windham,NA,Secretary of State,NA,NA,Blanks,19
Windsor,Windsor,NA,Secretary of State,NA,NA,Blanks,99
Bennington,Winhall,NA,Secretary of State,NA,NA,Blanks,61
Chittenden,Winooski,NA,Secretary of State,NA,NA,Blanks,159
Lamoille,Wolcott,NA,Secretary of State,NA,NA,Blanks,65
Washington,Woodbury,NA,Secretary of State,NA,NA,Blanks,38
Bennington,Woodford,NA,Secretary of State,NA,NA,Blanks,25
Windsor,Woodstock,NA,Secretary of State,NA,NA,Blanks,183
Washington,Worcester,NA,Secretary of State,NA,NA,Blanks,36
